Project Name,Package Name,Type Name,Method Name,Test Smell,Cause of the Smell
java,cesiumlanguagewritertests,TestGregorianDate,canConstructGregorianDate,Assertion roulette,The tool detected the smell in this test method because the test uses multiple assertion in the test. Total number of assertions in the test are: 12
java,cesiumlanguagewritertests,TestGregorianDate,cannotConstructWithInvalidTime,Assertion roulette,The tool detected the smell in this test method because the test uses multiple assertion in the test. Total number of assertions in the test are: 2
java,cesiumlanguagewritertests,TestGregorianDate,cannotConstructWithInvalidDate,Assertion roulette,The tool detected the smell in this test method because the test uses multiple assertion in the test. Total number of assertions in the test are: 2
java,cesiumlanguagewritertests,TestGregorianDate,isValidValidatesProperly,Assertion roulette,The tool detected the smell in this test method because the test uses multiple assertion in the test. Total number of assertions in the test are: 28
java,cesiumlanguagewritertests,TestGregorianDate,testEquality,Assertion roulette,The tool detected the smell in this test method because the test uses multiple assertion in the test. Total number of assertions in the test are: 16
java,cesiumlanguagewritertests,TestGregorianDate,testEqualityInTimePortion,Assertion roulette,The tool detected the smell in this test method because the test uses multiple assertion in the test. Total number of assertions in the test are: 21
java,cesiumlanguagewritertests,TestGregorianDate,testEqualityWithFractionalSeconds,Assertion roulette,The tool detected the smell in this test method because the test uses multiple assertion in the test. Total number of assertions in the test are: 3
java,cesiumlanguagewritertests,TestGregorianDate,testComparisons,Assertion roulette,The tool detected the smell in this test method because the test uses multiple assertion in the test. Total number of assertions in the test are: 12
java,cesiumlanguagewritertests,TestGregorianDate,testComparisonsOfTimePortion,Assertion roulette,The tool detected the smell in this test method because the test uses multiple assertion in the test. Total number of assertions in the test are: 11
java,cesiumlanguagewritertests,TestGregorianDate,testGetHashCode,Assertion roulette,The tool detected the smell in this test method because the test uses multiple assertion in the test. Total number of assertions in the test are: 3
java,cesiumlanguagewritertests,TestGregorianDate,testToStringFormatProvider,Assertion roulette,The tool detected the smell in this test method because the test uses multiple assertion in the test. Total number of assertions in the test are: 2
java,cesiumlanguagewritertests,TestGregorianDate,canConstructFromJulianDate,Assertion roulette,The tool detected the smell in this test method because the test uses multiple assertion in the test. Total number of assertions in the test are: 18
java,cesiumlanguagewritertests,TestGregorianDate,canConvertToJulianDate,Assertion roulette,The tool detected the smell in this test method because the test uses multiple assertion in the test. Total number of assertions in the test are: 12
java,cesiumlanguagewritertests,TestGregorianDate,testYearDayConstructor,Assertion roulette,The tool detected the smell in this test method because the test uses multiple assertion in the test. Total number of assertions in the test are: 13
java,cesiumlanguagewritertests,TestGregorianDate,testDayOfYear,Assertion roulette,The tool detected the smell in this test method because the test uses multiple assertion in the test. Total number of assertions in the test are: 6
java,cesiumlanguagewritertests,TestGregorianDate,testSixtySecondsAreValidIfTheInstantRepresentsALeapSecond,Assertion roulette,The tool detected the smell in this test method because the test uses multiple assertion in the test. Total number of assertions in the test are: 2
java,cesiumlanguagewritertests,TestGregorianDate,testSixtySecondsAreNotValidIfTheInstantDoesNotRepresentALeapSecond,Assertion roulette,The tool detected the smell in this test method because the test uses multiple assertion in the test. Total number of assertions in the test are: 2
java,cesiumlanguagewritertests,TestGregorianDate,cannotConstructGregorianDateRepresentingInvalidLeapSecond,Assertion roulette,The tool detected the smell in this test method because the test uses multiple assertion in the test. Total number of assertions in the test are: 2
java,cesiumlanguagewritertests,TestGregorianDate,testConversionToJulianDate,Assertion roulette,The tool detected the smell in this test method because the test uses multiple assertion in the test. Total number of assertions in the test are: 2
java,cesiumlanguagewritertests,TestGregorianDate,canConvertGregorianDateRepresentingLeapSecondToJulianDate,Assertion roulette,The tool detected the smell in this test method because the test uses multiple assertion in the test. Total number of assertions in the test are: 3
java,cesiumlanguagewritertests,TestGregorianDate,testNonStandardTimeStandard,Assertion roulette,The tool detected the smell in this test method because the test uses multiple assertion in the test. Total number of assertions in the test are: 4
java,cesiumlanguagewritertests,TestGregorianDate,roundSecondsRoundsFractionalSeconds,Assertion roulette,The tool detected the smell in this test method because the test uses multiple assertion in the test. Total number of assertions in the test are: 8
java,cesiumlanguagewritertests,TestGregorianDate,roundSecondsRollsOver,Assertion roulette,The tool detected the smell in this test method because the test uses multiple assertion in the test. Total number of assertions in the test are: 5
java,cesiumlanguagewritertests,TestGregorianDate,roundSecondsAllows61SecondsDuringLeapSecond,Assertion roulette,The tool detected the smell in this test method because the test uses multiple assertion in the test. Total number of assertions in the test are: 2
java,cesiumlanguagewritertests,TestGregorianDateFormatting,testToStringStandardFormats$TestCase1,Missing assertion,The tool detected the smell in this test method because the test doesn't have any assertion.
java,cesiumlanguagewritertests,TestGregorianDateFormatting,testToStringStandardFormats$TestCase2,Missing assertion,The tool detected the smell in this test method because the test doesn't have any assertion.
java,cesiumlanguagewritertests,TestGregorianDateFormatting,testToStringStandardFormats$TestCase3,Missing assertion,The tool detected the smell in this test method because the test doesn't have any assertion.
java,cesiumlanguagewritertests,TestGregorianDateFormatting,testToStringStandardFormats$TestCase4,Missing assertion,The tool detected the smell in this test method because the test doesn't have any assertion.
java,cesiumlanguagewritertests,TestGregorianDateFormatting,testToStringStandardFormats$TestCase5,Missing assertion,The tool detected the smell in this test method because the test doesn't have any assertion.
java,cesiumlanguagewritertests,TestGregorianDateFormatting,testToStringStandardFormats$TestCase6,Missing assertion,The tool detected the smell in this test method because the test doesn't have any assertion.
java,cesiumlanguagewritertests,TestGregorianDateFormatting,testToStringStandardFormats$TestCase7,Missing assertion,The tool detected the smell in this test method because the test doesn't have any assertion.
java,cesiumlanguagewritertests,TestGregorianDateFormatting,testToStringStandardFormats$TestCase8,Missing assertion,The tool detected the smell in this test method because the test doesn't have any assertion.
java,cesiumlanguagewritertests,TestGregorianDateFormatting,testToStringStandardFormats$TestCase9,Missing assertion,The tool detected the smell in this test method because the test doesn't have any assertion.
java,cesiumlanguagewritertests,TestGregorianDateFormatting,testToStringStandardFormats$TestCase10,Missing assertion,The tool detected the smell in this test method because the test doesn't have any assertion.
java,cesiumlanguagewritertests,TestGregorianDateFormatting,testToStringStandardFormats$TestCase11,Missing assertion,The tool detected the smell in this test method because the test doesn't have any assertion.
java,cesiumlanguagewritertests,TestGregorianDateFormatting,testToStringStandardFormats$TestCase12,Missing assertion,The tool detected the smell in this test method because the test doesn't have any assertion.
java,cesiumlanguagewritertests,TestGregorianDateFormatting,testToStringStandardFormats$TestCase13,Missing assertion,The tool detected the smell in this test method because the test doesn't have any assertion.
java,cesiumlanguagewritertests,TestGregorianDateFormatting,testToStringStandardFormats$TestCase14,Missing assertion,The tool detected the smell in this test method because the test doesn't have any assertion.
java,cesiumlanguagewritertests,TestGregorianDateFormatting,testToStringStandardFormats$TestCase15,Missing assertion,The tool detected the smell in this test method because the test doesn't have any assertion.
java,cesiumlanguagewritertests,TestGregorianDateFormatting,testToStringStandardFormats$TestCase16,Missing assertion,The tool detected the smell in this test method because the test doesn't have any assertion.
java,cesiumlanguagewritertests,TestGregorianDateFormatting,testToStringStandardFormats$TestCase17,Missing assertion,The tool detected the smell in this test method because the test doesn't have any assertion.
java,cesiumlanguagewritertests,TestGregorianDateFormatting,testToStringCustomFormats,Assertion roulette,The tool detected the smell in this test method because the test uses multiple assertion in the test. Total number of assertions in the test are: 39
java,cesiumlanguagewritertests,TestGregorianDateFormatting,toStringThrowsOnInvalidFormatSpecifier,Assertion roulette,The tool detected the smell in this test method because the test uses multiple assertion in the test. Total number of assertions in the test are: 2
java,cesiumlanguagewritertests,TestGregorianDateFormatting,cantFormatMoreThan15FractionalSeconds,Assertion roulette,The tool detected the smell in this test method because the test uses multiple assertion in the test. Total number of assertions in the test are: 2
java,cesiumlanguagewritertests,TestGregorianDateFormatting,formatSpecifierCantEndWithAPercent,Assertion roulette,The tool detected the smell in this test method because the test uses multiple assertion in the test. Total number of assertions in the test are: 2
java,cesiumlanguagewritertests,TestGregorianDateFormatting,formatSpecifierCantEndWithABackslash,Assertion roulette,The tool detected the smell in this test method because the test uses multiple assertion in the test. Total number of assertions in the test are: 2
java,cesiumlanguagewritertests,TestGregorianDateFormatting,formatSpecifierCantHaveADoublePercent,Assertion roulette,The tool detected the smell in this test method because the test uses multiple assertion in the test. Total number of assertions in the test are: 2
java,cesiumlanguagewritertests,TestGregorianDateFormatting,toIso8601ExtendedStringProducesCorrectStrings$TestCase1,Missing assertion,The tool detected the smell in this test method because the test doesn't have any assertion.
java,cesiumlanguagewritertests,TestGregorianDateFormatting,toIso8601ExtendedStringProducesCorrectStrings$TestCase2,Missing assertion,The tool detected the smell in this test method because the test doesn't have any assertion.
java,cesiumlanguagewritertests,TestGregorianDateFormatting,toIso8601ExtendedStringProducesCorrectStrings$TestCase3,Missing assertion,The tool detected the smell in this test method because the test doesn't have any assertion.
java,cesiumlanguagewritertests,TestGregorianDateFormatting,toIso8601ExtendedStringProducesCorrectStrings$TestCase4,Missing assertion,The tool detected the smell in this test method because the test doesn't have any assertion.
java,cesiumlanguagewritertests,TestGregorianDateFormatting,toIso8601ExtendedStringProducesCorrectStrings$TestCase5,Missing assertion,The tool detected the smell in this test method because the test doesn't have any assertion.
java,cesiumlanguagewritertests,TestGregorianDateFormatting,toIso8601ExtendedStringProducesCorrectStrings$TestCase6,Missing assertion,The tool detected the smell in this test method because the test doesn't have any assertion.
java,cesiumlanguagewritertests,TestGregorianDateFormatting,toIso8601ExtendedStringProducesCorrectStrings$TestCase7,Missing assertion,The tool detected the smell in this test method because the test doesn't have any assertion.
java,cesiumlanguagewritertests,TestGregorianDateFormatting,toIso8601ExtendedStringProducesCorrectStrings$TestCase8,Missing assertion,The tool detected the smell in this test method because the test doesn't have any assertion.
java,cesiumlanguagewritertests,TestGregorianDateFormatting,toIso8601ExtendedStringProducesCorrectStrings$TestCase9,Missing assertion,The tool detected the smell in this test method because the test doesn't have any assertion.
java,cesiumlanguagewritertests,TestGregorianDateFormatting,toIso8601BasicStringProducesCorrectStrings$TestCase1,Missing assertion,The tool detected the smell in this test method because the test doesn't have any assertion.
java,cesiumlanguagewritertests,TestGregorianDateFormatting,toIso8601BasicStringProducesCorrectStrings$TestCase2,Missing assertion,The tool detected the smell in this test method because the test doesn't have any assertion.
java,cesiumlanguagewritertests,TestGregorianDateFormatting,toIso8601BasicStringProducesCorrectStrings$TestCase3,Missing assertion,The tool detected the smell in this test method because the test doesn't have any assertion.
java,cesiumlanguagewritertests,TestGregorianDateFormatting,toIso8601BasicStringProducesCorrectStrings$TestCase4,Missing assertion,The tool detected the smell in this test method because the test doesn't have any assertion.
java,cesiumlanguagewritertests,TestGregorianDateFormatting,toIso8601BasicStringProducesCorrectStrings$TestCase5,Missing assertion,The tool detected the smell in this test method because the test doesn't have any assertion.
java,cesiumlanguagewritertests,TestGregorianDateFormatting,toIso8601BasicStringProducesCorrectStrings$TestCase6,Missing assertion,The tool detected the smell in this test method because the test doesn't have any assertion.
java,cesiumlanguagewritertests,TestGregorianDateFormatting,toIso8601BasicStringProducesCorrectStrings$TestCase7,Missing assertion,The tool detected the smell in this test method because the test doesn't have any assertion.
java,cesiumlanguagewritertests,TestGregorianDateFormatting,toIso8601BasicStringProducesCorrectStrings$TestCase8,Missing assertion,The tool detected the smell in this test method because the test doesn't have any assertion.
java,cesiumlanguagewritertests,TestGregorianDateFormatting,toIso8601BasicStringProducesCorrectStrings$TestCase9,Missing assertion,The tool detected the smell in this test method because the test doesn't have any assertion.
java,cesiumlanguagewritertests,TestGregorianDateFormatting,toIso8601CompactStringProducesCorrectStrings$TestCase1,Missing assertion,The tool detected the smell in this test method because the test doesn't have any assertion.
java,cesiumlanguagewritertests,TestGregorianDateFormatting,toIso8601CompactStringProducesCorrectStrings$TestCase2,Missing assertion,The tool detected the smell in this test method because the test doesn't have any assertion.
java,cesiumlanguagewritertests,TestGregorianDateFormatting,toIso8601CompactStringProducesCorrectStrings$TestCase3,Missing assertion,The tool detected the smell in this test method because the test doesn't have any assertion.
java,cesiumlanguagewritertests,TestGregorianDateFormatting,toIso8601CompactStringProducesCorrectStrings$TestCase4,Missing assertion,The tool detected the smell in this test method because the test doesn't have any assertion.
java,cesiumlanguagewritertests,TestGregorianDateFormatting,toIso8601CompactStringProducesCorrectStrings$TestCase5,Missing assertion,The tool detected the smell in this test method because the test doesn't have any assertion.
java,cesiumlanguagewritertests,TestGregorianDateFormatting,toIso8601CompactStringProducesCorrectStrings$TestCase6,Missing assertion,The tool detected the smell in this test method because the test doesn't have any assertion.
java,cesiumlanguagewritertests,TestGregorianDateFormatting,toIso8601CompactStringProducesCorrectStrings$TestCase7,Missing assertion,The tool detected the smell in this test method because the test doesn't have any assertion.
java,cesiumlanguagewritertests,TestGregorianDateFormatting,toIso8601CompactStringProducesCorrectStrings$TestCase8,Missing assertion,The tool detected the smell in this test method because the test doesn't have any assertion.
java,cesiumlanguagewritertests,TestGregorianDateFormatting,toIso8601CompactStringProducesCorrectStrings$TestCase9,Missing assertion,The tool detected the smell in this test method because the test doesn't have any assertion.
java,cesiumlanguagewritertests,TestGregorianDateFormatting,toIso8601Validation$TestCase1,Missing assertion,The tool detected the smell in this test method because the test doesn't have any assertion.
java,cesiumlanguagewritertests,TestGregorianDateFormatting,secondsAreCorrectlyFormattedToDifferentNumbersOfDigits,Assertion roulette,The tool detected the smell in this test method because the test uses multiple assertion in the test. Total number of assertions in the test are: 3
java,cesiumlanguagewritertests,TestGregorianDateFormatting,wholeNumberSecondsIsFormattedCorrectly,Assertion roulette,The tool detected the smell in this test method because the test uses multiple assertion in the test. Total number of assertions in the test are: 3
java,cesiumlanguagewritertests,TestGregorianDateFormatting,toIso8601StringWithFractionalSeconds$TestCase1,Missing assertion,The tool detected the smell in this test method because the test doesn't have any assertion.
java,cesiumlanguagewritertests,TestGregorianDateFormatting,toIso8601StringWithFractionalSeconds$TestCase2,Missing assertion,The tool detected the smell in this test method because the test doesn't have any assertion.
java,cesiumlanguagewritertests,TestGregorianDateFormatting,toIso8601StringWithFractionalSeconds$TestCase3,Missing assertion,The tool detected the smell in this test method because the test doesn't have any assertion.
java,cesiumlanguagewritertests,TestGregorianDateFormatting,toIso8601StringWithFractionalSeconds$TestCase4,Missing assertion,The tool detected the smell in this test method because the test doesn't have any assertion.
java,cesiumlanguagewritertests,TestGregorianDateFormatting,toIso8601StringWithFractionalSeconds$TestCase5,Missing assertion,The tool detected the smell in this test method because the test doesn't have any assertion.
java,cesiumlanguagewritertests,TestGregorianDateFormatting,toIso8601StringWithFractionalSeconds$TestCase6,Missing assertion,The tool detected the smell in this test method because the test doesn't have any assertion.
java,cesiumlanguagewritertests,TestGregorianDateFormatting,toIso8601StringWithFractionalSeconds$TestCase7,Missing assertion,The tool detected the smell in this test method because the test doesn't have any assertion.
java,cesiumlanguagewritertests,TestCesiumPropertyWriter,writesPropertyNameOnOpenAndNothingOnClose,Assertion roulette,The tool detected the smell in this test method because the test uses multiple assertion in the test. Total number of assertions in the test are: 2
java,cesiumlanguagewritertests,TestCesiumPropertyWriter,singleIntervalWritesOpenObjectLiteral,Assertion roulette,The tool detected the smell in this test method because the test uses multiple assertion in the test. Total number of assertions in the test are: 2
java,cesiumlanguagewritertests,TestCesiumPropertyWriter,multipleIntervalsWritesOpenArray,Assertion roulette,The tool detected the smell in this test method because the test uses multiple assertion in the test. Total number of assertions in the test are: 2
java,cesiumlanguagewritertests,TestCesiumPropertyWriter,multipleIntervalsAllowsWritingMultipleIntervals,Missing assertion,The tool detected the smell in this test method because the test doesn't have any assertion.
java,cesiumlanguagewritertests,TestCesiumPropertyWriter,throwsWhenWritingToBeforeOpening,Assertion roulette,The tool detected the smell in this test method because the test uses multiple assertion in the test. Total number of assertions in the test are: 2
java,cesiumlanguagewritertests,TestCesiumPropertyWriter,throwsWhenWritingToAfterClosed,Assertion roulette,The tool detected the smell in this test method because the test uses multiple assertion in the test. Total number of assertions in the test are: 2
java,cesiumlanguagewritertests,TestOrientationCesiumWriter,testCompleteExample,Missing assertion,The tool detected the smell in this test method because the test doesn't have any assertion.
java,cesiumlanguagewritertests,TestUnitQuaternion,testHoldValue,Assertion roulette,The tool detected the smell in this test method because the test uses multiple assertion in the test. Total number of assertions in the test are: 4
java,cesiumlanguagewritertests,TestUnitQuaternion,testInitializeAndReturnMagnitude,Assertion roulette,The tool detected the smell in this test method because the test uses multiple assertion in the test. Total number of assertions in the test are: 5
java,cesiumlanguagewritertests,TestUnitQuaternion,testFromMatrix3By3$TestCase1,Missing assertion,The tool detected the smell in this test method because the test doesn't have any assertion.
java,cesiumlanguagewritertests,TestUnitQuaternion,testFromMatrix3By3$TestCase2,Missing assertion,The tool detected the smell in this test method because the test doesn't have any assertion.
java,cesiumlanguagewritertests,TestUnitQuaternion,testFromMatrix3By3$TestCase3,Missing assertion,The tool detected the smell in this test method because the test doesn't have any assertion.
java,cesiumlanguagewritertests,TestUnitQuaternion,testFromMatrix3By3$TestCase4,Missing assertion,The tool detected the smell in this test method because the test doesn't have any assertion.
java,cesiumlanguagewritertests,TestUnitQuaternion,testEquality,Assertion roulette,The tool detected the smell in this test method because the test uses multiple assertion in the test. Total number of assertions in the test are: 40
java,cesiumlanguagewritertests,TestUnitQuaternion,testEqualsEpsilon,Assertion roulette,The tool detected the smell in this test method because the test uses multiple assertion in the test. Total number of assertions in the test are: 5
java,cesiumlanguagewritertests,TestUnitQuaternion,testConjugate,Assertion roulette,The tool detected the smell in this test method because the test uses multiple assertion in the test. Total number of assertions in the test are: 4
java,cesiumlanguagewritertests,TestUnitQuaternion,testIdentity,Assertion roulette,The tool detected the smell in this test method because the test uses multiple assertion in the test. Total number of assertions in the test are: 4
java,cesiumlanguagewritertests,TestUnitQuaternion,testIsUndefined,Assertion roulette,The tool detected the smell in this test method because the test uses multiple assertion in the test. Total number of assertions in the test are: 6
java,cesiumlanguagewritertests,TestUnitQuaternion,testNegation,Assertion roulette,The tool detected the smell in this test method because the test uses multiple assertion in the test. Total number of assertions in the test are: 4
java,cesiumlanguagewritertests,TestUnitQuaternion,testMultiplicationByUnitQuaternion,Assertion roulette,The tool detected the smell in this test method because the test uses multiple assertion in the test. Total number of assertions in the test are: 8
java,cesiumlanguagewritertests,TestUnitQuaternion,testGetHashCode,Assertion roulette,The tool detected the smell in this test method because the test uses multiple assertion in the test. Total number of assertions in the test are: 2
java,cesiumlanguagewritertests,TestUnitQuaternion,testToString,Assertion roulette,The tool detected the smell in this test method because the test uses multiple assertion in the test. Total number of assertions in the test are: 4
java,cesiumlanguagewritertests,TestCesiumFormattingHelper,testClockRangeToString$TestCase1,Missing assertion,The tool detected the smell in this test method because the test doesn't have any assertion.
java,cesiumlanguagewritertests,TestCesiumFormattingHelper,testClockStepToString$TestCase1,Missing assertion,The tool detected the smell in this test method because the test doesn't have any assertion.
java,cesiumlanguagewritertests,TestCesiumFormattingHelper,testColorBlendModeToString$TestCase1,Missing assertion,The tool detected the smell in this test method because the test doesn't have any assertion.
java,cesiumlanguagewritertests,TestCesiumFormattingHelper,testCornerTypeToString$TestCase1,Missing assertion,The tool detected the smell in this test method because the test doesn't have any assertion.
java,cesiumlanguagewritertests,TestCesiumFormattingHelper,testExtrapolationTypeToString$TestCase1,Missing assertion,The tool detected the smell in this test method because the test doesn't have any assertion.
java,cesiumlanguagewritertests,TestCesiumFormattingHelper,testHeightReferenceToString$TestCase1,Missing assertion,The tool detected the smell in this test method because the test doesn't have any assertion.
java,cesiumlanguagewritertests,TestCesiumFormattingHelper,testHorizontalOriginToString$TestCase1,Missing assertion,The tool detected the smell in this test method because the test doesn't have any assertion.
java,cesiumlanguagewritertests,TestCesiumFormattingHelper,testInterpolationAlgorithmToString$TestCase1,Missing assertion,The tool detected the smell in this test method because the test doesn't have any assertion.
java,cesiumlanguagewritertests,TestCesiumFormattingHelper,testLabelStyleToString$TestCase1,Missing assertion,The tool detected the smell in this test method because the test doesn't have any assertion.
java,cesiumlanguagewritertests,TestCesiumFormattingHelper,testSensorVolumePortionToDisplayToString$TestCase1,Missing assertion,The tool detected the smell in this test method because the test doesn't have any assertion.
java,cesiumlanguagewritertests,TestCesiumFormattingHelper,testShadowModeToString$TestCase1,Missing assertion,The tool detected the smell in this test method because the test doesn't have any assertion.
java,cesiumlanguagewritertests,TestCesiumFormattingHelper,testStripeOrientationToString$TestCase1,Missing assertion,The tool detected the smell in this test method because the test doesn't have any assertion.
java,cesiumlanguagewritertests,TestCesiumFormattingHelper,testVerticalOriginToString$TestCase1,Missing assertion,The tool detected the smell in this test method because the test doesn't have any assertion.
java,cesiumlanguagewritertests,TestPolygonCesiumWriter,testExample,Missing assertion,The tool detected the smell in this test method because the test doesn't have any assertion.
java,cesiumlanguagewritertests,TestGregorianDateParsing,testParseIso8601DayOfYear,Assertion roulette,The tool detected the smell in this test method because the test uses multiple assertion in the test. Total number of assertions in the test are: 5
java,cesiumlanguagewritertests,TestGregorianDateParsing,testTryParseIso8601DayOfYear,Assertion roulette,The tool detected the smell in this test method because the test uses multiple assertion in the test. Total number of assertions in the test are: 11
java,cesiumlanguagewritertests,TestGregorianDateParsing,testParseIso8601DayOfYearOutOfRange,Assertion roulette,The tool detected the smell in this test method because the test uses multiple assertion in the test. Total number of assertions in the test are: 2
java,cesiumlanguagewritertests,TestGregorianDateParsing,testParseIso8601DayOfYearError,Assertion roulette,The tool detected the smell in this test method because the test uses multiple assertion in the test. Total number of assertions in the test are: 2
java,cesiumlanguagewritertests,TestGregorianDateParsing,testParseIso8601YearOutOfRange,Assertion roulette,The tool detected the smell in this test method because the test uses multiple assertion in the test. Total number of assertions in the test are: 2
java,cesiumlanguagewritertests,TestGregorianDateParsing,testParseIso8601Formats$TestCase1,Missing assertion,The tool detected the smell in this test method because the test doesn't have any assertion.
java,cesiumlanguagewritertests,TestGregorianDateParsing,testParseIso8601Formats$TestCase2,Missing assertion,The tool detected the smell in this test method because the test doesn't have any assertion.
java,cesiumlanguagewritertests,TestGregorianDateParsing,testParseIso8601Formats$TestCase3,Missing assertion,The tool detected the smell in this test method because the test doesn't have any assertion.
java,cesiumlanguagewritertests,TestGregorianDateParsing,testToIso8601String,Assertion roulette,The tool detected the smell in this test method because the test uses multiple assertion in the test. Total number of assertions in the test are: 3
java,cesiumlanguagewritertests,TestGregorianDateParsing,testParseIso8601InvalidDay,Assertion roulette,The tool detected the smell in this test method because the test uses multiple assertion in the test. Total number of assertions in the test are: 2
java,cesiumlanguagewritertests,TestGregorianDateParsing,testParseExact,Assertion roulette,The tool detected the smell in this test method because the test uses multiple assertion in the test. Total number of assertions in the test are: 46
java,cesiumlanguagewritertests,TestGregorianDateParsing,parseExactThrowsWithNullFormat,Assertion roulette,The tool detected the smell in this test method because the test uses multiple assertion in the test. Total number of assertions in the test are: 2
java,cesiumlanguagewritertests,TestGregorianDateParsing,parseExactThrowsWithNullInput,Assertion roulette,The tool detected the smell in this test method because the test uses multiple assertion in the test. Total number of assertions in the test are: 2
java,cesiumlanguagewritertests,TestGregorianDateParsing,testParse,Assertion roulette,The tool detected the smell in this test method because the test uses multiple assertion in the test. Total number of assertions in the test are: 51
java,cesiumlanguagewritertests,TestGregorianDateParsing,parseThrowsWithNullInput,Assertion roulette,The tool detected the smell in this test method because the test uses multiple assertion in the test. Total number of assertions in the test are: 2
java,cesiumlanguagewritertests,TestGregorianDateParsing,parseThrowsWithNullInputWithoutCultureInfo,Assertion roulette,The tool detected the smell in this test method because the test uses multiple assertion in the test. Total number of assertions in the test are: 2
java,cesiumlanguagewritertests,TestGregorianDateParsing,parseThrowsFormatExceptionWhenNoMatch,Assertion roulette,The tool detected the smell in this test method because the test uses multiple assertion in the test. Total number of assertions in the test are: 2
java,cesiumlanguagewritertests,TestGregorianDateParsing,testTryParse,Assertion roulette,The tool detected the smell in this test method because the test uses multiple assertion in the test. Total number of assertions in the test are: 6
java,cesiumlanguagewritertests,TestGregorianDateParsing,cannotParseInvalidDates,Assertion roulette,The tool detected the smell in this test method because the test uses multiple assertion in the test. Total number of assertions in the test are: 3
java,cesiumlanguagewritertests,TestCartesian,testHoldValue,Assertion roulette,The tool detected the smell in this test method because the test uses multiple assertion in the test. Total number of assertions in the test are: 3
java,cesiumlanguagewritertests,TestCartesian,testConversionFromUnitCartesian,Assertion roulette,The tool detected the smell in this test method because the test uses multiple assertion in the test. Total number of assertions in the test are: 3
java,cesiumlanguagewritertests,TestCartesian,testEquality,Assertion roulette,The tool detected the smell in this test method because the test uses multiple assertion in the test. Total number of assertions in the test are: 32
java,cesiumlanguagewritertests,TestCartesian,testEqualsEpsilon,Assertion roulette,The tool detected the smell in this test method because the test uses multiple assertion in the test. Total number of assertions in the test are: 5
java,cesiumlanguagewritertests,TestCartesian,testNormalize,Assertion roulette,The tool detected the smell in this test method because the test uses multiple assertion in the test. Total number of assertions in the test are: 3
java,cesiumlanguagewritertests,TestCartesian,testIsUndefined,Assertion roulette,The tool detected the smell in this test method because the test uses multiple assertion in the test. Total number of assertions in the test are: 5
java,cesiumlanguagewritertests,TestCartesian,testMostOrthogonalAxis,Assertion roulette,The tool detected the smell in this test method because the test uses multiple assertion in the test. Total number of assertions in the test are: 3
java,cesiumlanguagewritertests,TestCartesian,testNegation,Assertion roulette,The tool detected the smell in this test method because the test uses multiple assertion in the test. Total number of assertions in the test are: 3
java,cesiumlanguagewritertests,TestCartesian,testAdd,Assertion roulette,The tool detected the smell in this test method because the test uses multiple assertion in the test. Total number of assertions in the test are: 6
java,cesiumlanguagewritertests,TestCartesian,testSubtract,Assertion roulette,The tool detected the smell in this test method because the test uses multiple assertion in the test. Total number of assertions in the test are: 6
java,cesiumlanguagewritertests,TestCartesian,testMultiply,Assertion roulette,The tool detected the smell in this test method because the test uses multiple assertion in the test. Total number of assertions in the test are: 9
java,cesiumlanguagewritertests,TestCartesian,testDivide,Assertion roulette,The tool detected the smell in this test method because the test uses multiple assertion in the test. Total number of assertions in the test are: 6
java,cesiumlanguagewritertests,TestCartesian,testDotProduct,Assertion roulette,The tool detected the smell in this test method because the test uses multiple assertion in the test. Total number of assertions in the test are: 2
java,cesiumlanguagewritertests,TestCartesian,testCrossProduct,Assertion roulette,The tool detected the smell in this test method because the test uses multiple assertion in the test. Total number of assertions in the test are: 3
java,cesiumlanguagewritertests,TestCartesian,testRotateByUnitQuaternion,Assertion roulette,The tool detected the smell in this test method because the test uses multiple assertion in the test. Total number of assertions in the test are: 3
java,cesiumlanguagewritertests,TestCartesian,testRotateByMatrix3By3,Assertion roulette,The tool detected the smell in this test method because the test uses multiple assertion in the test. Total number of assertions in the test are: 3
java,cesiumlanguagewritertests,TestCartesian,testGetHashCode,Assertion roulette,The tool detected the smell in this test method because the test uses multiple assertion in the test. Total number of assertions in the test are: 2
java,cesiumlanguagewritertests,TestPacketCesiumWriter,opensObjectLiteralOnOpenAndClosesItOnClose,Assertion roulette,The tool detected the smell in this test method because the test uses multiple assertion in the test. Total number of assertions in the test are: 2
java,cesiumlanguagewritertests,TestPacketCesiumWriter,testPositionProperty,Assertion roulette,The tool detected the smell in this test method because the test uses multiple assertion in the test. Total number of assertions in the test are: 2
java,cesiumlanguagewritertests,TestPacketCesiumWriter,testBillboardProperty,Assertion roulette,The tool detected the smell in this test method because the test uses multiple assertion in the test. Total number of assertions in the test are: 2
java,cesiumlanguagewritertests,TestUnitSpherical,testHoldValue,Assertion roulette,The tool detected the smell in this test method because the test uses multiple assertion in the test. Total number of assertions in the test are: 2
java,cesiumlanguagewritertests,TestUnitSpherical,testFromUnitCartesian,Assertion roulette,The tool detected the smell in this test method because the test uses multiple assertion in the test. Total number of assertions in the test are: 2
java,cesiumlanguagewritertests,TestUnitSpherical,testEquality,Assertion roulette,The tool detected the smell in this test method because the test uses multiple assertion in the test. Total number of assertions in the test are: 16
java,cesiumlanguagewritertests,TestUnitSpherical,testEqualsEpsilon,Assertion roulette,The tool detected the smell in this test method because the test uses multiple assertion in the test. Total number of assertions in the test are: 5
java,cesiumlanguagewritertests,TestUnitSpherical,testGetHashCode,Assertion roulette,The tool detected the smell in this test method because the test uses multiple assertion in the test. Total number of assertions in the test are: 2
java,cesiumlanguagewritertests,TestYearMonthDay,testIsLeapYear,Conditional test logic,The tool detected the smell in this test method because the test wraps the assert statements within control flow statements.
java,cesiumlanguagewritertests,TestYearMonthDay,testDaysInYear,Assertion roulette,The tool detected the smell in this test method because the test uses multiple assertion in the test. Total number of assertions in the test are: 2
java,cesiumlanguagewritertests,TestYearMonthDay,testDaysInYear,Conditional test logic,The tool detected the smell in this test method because the test wraps the assert statements within control flow statements.
java,cesiumlanguagewritertests,TestYearMonthDay,testDaysInMonth,Assertion roulette,The tool detected the smell in this test method because the test uses multiple assertion in the test. Total number of assertions in the test are: 13
java,cesiumlanguagewritertests,TestYearMonthDay,testDaysInMonth,Conditional test logic,The tool detected the smell in this test method because the test wraps the assert statements within control flow statements.
java,cesiumlanguagewritertests,TestYearMonthDay,testIsValidDate,Assertion roulette,The tool detected the smell in this test method because the test uses multiple assertion in the test. Total number of assertions in the test are: 17
java,cesiumlanguagewritertests,TestYearMonthDay,testRetainValue,Assertion roulette,The tool detected the smell in this test method because the test uses multiple assertion in the test. Total number of assertions in the test are: 3
java,cesiumlanguagewritertests,TestYearMonthDay,testEquality,Assertion roulette,The tool detected the smell in this test method because the test uses multiple assertion in the test. Total number of assertions in the test are: 21
java,cesiumlanguagewritertests,TestYearMonthDay,testDayOfYear,Assertion roulette,The tool detected the smell in this test method because the test uses multiple assertion in the test. Total number of assertions in the test are: 4
java,cesiumlanguagewritertests,TestYearMonthDay,testComparisons,Assertion roulette,The tool detected the smell in this test method because the test uses multiple assertion in the test. Total number of assertions in the test are: 11
java,cesiumlanguagewritertests,TestYearMonthDay,testGetHashCode,Assertion roulette,The tool detected the smell in this test method because the test uses multiple assertion in the test. Total number of assertions in the test are: 2
java,cesiumlanguagewritertests,TestYearMonthDay,testConstructFromJulianDate,Assertion roulette,The tool detected the smell in this test method because the test uses multiple assertion in the test. Total number of assertions in the test are: 9
java,cesiumlanguagewritertests,TestYearMonthDay,testConstructFromDayOfYear,Assertion roulette,The tool detected the smell in this test method because the test uses multiple assertion in the test. Total number of assertions in the test are: 8
java,cesiumlanguagewritertests,TestYearMonthDay,testDayOfWeek,Assertion roulette,The tool detected the smell in this test method because the test uses multiple assertion in the test. Total number of assertions in the test are: 2
java,cesiumlanguagewritertests,TestYearMonthDay,testDefaultConstructedIsValid,Assertion roulette,The tool detected the smell in this test method because the test uses multiple assertion in the test. Total number of assertions in the test are: 3
java,cesiumlanguagewritertests,TestTimeInterval,testRetainValue,Assertion roulette,The tool detected the smell in this test method because the test uses multiple assertion in the test. Total number of assertions in the test are: 2
java,cesiumlanguagewritertests,TestTimeInterval,testIsEmpty,Assertion roulette,The tool detected the smell in this test method because the test uses multiple assertion in the test. Total number of assertions in the test are: 2
java,cesiumlanguagewritertests,TestTimeInterval,testEquality,Assertion roulette,The tool detected the smell in this test method because the test uses multiple assertion in the test. Total number of assertions in the test are: 17
java,cesiumlanguagewritertests,TestTimeInterval,testNullableEquality,Assertion roulette,The tool detected the smell in this test method because the test uses multiple assertion in the test. Total number of assertions in the test are: 4
java,cesiumlanguagewritertests,TestTimeInterval,testGetHashCode,Assertion roulette,The tool detected the smell in this test method because the test uses multiple assertion in the test. Total number of assertions in the test are: 4
java,cesiumlanguagewritertests,TestTimeInterval,testContains,Assertion roulette,The tool detected the smell in this test method because the test uses multiple assertion in the test. Total number of assertions in the test are: 5
java,cesiumlanguagewritertests,TestTimeInterval,testEqualsEpsilon,Assertion roulette,The tool detected the smell in this test method because the test uses multiple assertion in the test. Total number of assertions in the test are: 3
java,cesiumlanguagewritertests,TestTimeInterval,testToTimeStandard,Assertion roulette,The tool detected the smell in this test method because the test uses multiple assertion in the test. Total number of assertions in the test are: 10
java,cesiumlanguagewritertests,TestArticulationsCesiumWriter,createExampleFile,Missing assertion,The tool detected the smell in this test method because the test doesn't have any assertion.
java,cesiumlanguagewritertests,TestCartographicExtent,testExtentClass,Assertion roulette,The tool detected the smell in this test method because the test uses multiple assertion in the test. Total number of assertions in the test are: 17
java,cesiumlanguagewritertests,TestCartographicExtent,testEqualsEpsilon,Assertion roulette,The tool detected the smell in this test method because the test uses multiple assertion in the test. Total number of assertions in the test are: 5
java,cesiumlanguagewritertests,TestCartographic,testHoldValue,Assertion roulette,The tool detected the smell in this test method because the test uses multiple assertion in the test. Total number of assertions in the test are: 3
java,cesiumlanguagewritertests,TestCartographic,testEquality,Assertion roulette,The tool detected the smell in this test method because the test uses multiple assertion in the test. Total number of assertions in the test are: 16
java,cesiumlanguagewritertests,TestCartographic,testEqualsEpsilon,Assertion roulette,The tool detected the smell in this test method because the test uses multiple assertion in the test. Total number of assertions in the test are: 5
java,cesiumlanguagewritertests,TestCartographic,testGetHashCode,Assertion roulette,The tool detected the smell in this test method because the test uses multiple assertion in the test. Total number of assertions in the test are: 2
java,cesiumlanguagewritertests,TestGenerateValidationDocument,generateValidationDocument,Missing assertion,The tool detected the smell in this test method because the test doesn't have any assertion.
java,cesiumlanguagewritertests,TestCustomPropertiesCesiumWriter,createExampleFile,Missing assertion,The tool detected the smell in this test method because the test doesn't have any assertion.
java,cesiumlanguagewritertests,TestLeapSeconds,testExtremes,Assertion roulette,The tool detected the smell in this test method because the test uses multiple assertion in the test. Total number of assertions in the test are: 4
java,cesiumlanguagewritertests,TestLeapSeconds,testGetLeapSecondsForDateTaiUtc,Assertion roulette,The tool detected the smell in this test method because the test uses multiple assertion in the test. Total number of assertions in the test are: 2
java,cesiumlanguagewritertests,TestLeapSeconds,testDoesDayHaveLeapSecond,Assertion roulette,The tool detected the smell in this test method because the test uses multiple assertion in the test. Total number of assertions in the test are: 2
java,cesiumlanguagewritertests,TestLeapSeconds,testLeapSecondCount,Assertion roulette,The tool detected the smell in this test method because the test uses multiple assertion in the test. Total number of assertions in the test are: 2
java,cesiumlanguagewritertests,TestLeapSeconds,testNegativeLeapSecond,Assertion roulette,The tool detected the smell in this test method because the test uses multiple assertion in the test. Total number of assertions in the test are: 4
java,cesiumlanguagewritertests,TestPolylineVolumeCesiumWriter,testExample,Missing assertion,The tool detected the smell in this test method because the test doesn't have any assertion.
java,cesiumlanguagewritertests,TestJulianDateConversions,julianToDateTime,Assertion roulette,The tool detected the smell in this test method because the test uses multiple assertion in the test. Total number of assertions in the test are: 26
java,cesiumlanguagewritertests,TestJulianDateConversions,julianToGregorianDate,Assertion roulette,The tool detected the smell in this test method because the test uses multiple assertion in the test. Total number of assertions in the test are: 19
java,cesiumlanguagewritertests,TestJulianDateConversions,dateTimeToJulian,Assertion roulette,The tool detected the smell in this test method because the test uses multiple assertion in the test. Total number of assertions in the test are: 4
java,cesiumlanguagewritertests,TestJulianDateConversions,gregorianDateToJulian,Assertion roulette,The tool detected the smell in this test method because the test uses multiple assertion in the test. Total number of assertions in the test are: 4
java,cesiumlanguagewritertests,TestJulianDateConversions,testLocalDateTimeToJulian,Assertion roulette,The tool detected the smell in this test method because the test uses multiple assertion in the test. Total number of assertions in the test are: 2
java,cesiumlanguagewritertests,TestJulianDateConversions,julianDateTimeRoundTrip,Assertion roulette,The tool detected the smell in this test method because the test uses multiple assertion in the test. Total number of assertions in the test are: 7
java,cesiumlanguagewritertests,TestJulianDateConversions,julianDateGregorianDateRoundTrip,Assertion roulette,The tool detected the smell in this test method because the test uses multiple assertion in the test. Total number of assertions in the test are: 6
java,cesiumlanguagewritertests,Sandbox,runExample,Missing assertion,The tool detected the smell in this test method because the test doesn't have any assertion.
java,cesiumlanguagewritertests,TestCesiumResource,testFromImage,Assertion roulette,The tool detected the smell in this test method because the test uses multiple assertion in the test. Total number of assertions in the test are: 2
java,cesiumlanguagewritertests,TestCesiumResource,testFromImageFormats$TestCase1,Missing assertion,The tool detected the smell in this test method because the test doesn't have any assertion.
java,cesiumlanguagewritertests,TestCesiumResource,testFromStream,Assertion roulette,The tool detected the smell in this test method because the test uses multiple assertion in the test. Total number of assertions in the test are: 2
java,cesiumlanguagewritertests,TestCesiumResource,testFromStreamMimeType,Assertion roulette,The tool detected the smell in this test method because the test uses multiple assertion in the test. Total number of assertions in the test are: 2
java,cesiumlanguagewritertests,TestMatrix3By3,testHoldValue,Assertion roulette,The tool detected the smell in this test method because the test uses multiple assertion in the test. Total number of assertions in the test are: 9
java,cesiumlanguagewritertests,TestMatrix3By3,testFromQuaternion,Assertion roulette,The tool detected the smell in this test method because the test uses multiple assertion in the test. Total number of assertions in the test are: 9
java,cesiumlanguagewritertests,TestMatrix3By3,testEquality,Assertion roulette,The tool detected the smell in this test method because the test uses multiple assertion in the test. Total number of assertions in the test are: 16
java,cesiumlanguagewritertests,TestMatrix3By3,testEqualsEpsilon,Assertion roulette,The tool detected the smell in this test method because the test uses multiple assertion in the test. Total number of assertions in the test are: 10
java,cesiumlanguagewritertests,TestMatrix3By3,testIndex,Assertion roulette,The tool detected the smell in this test method because the test uses multiple assertion in the test. Total number of assertions in the test are: 9
java,cesiumlanguagewritertests,TestMatrix3By3,testTranspose,Assertion roulette,The tool detected the smell in this test method because the test uses multiple assertion in the test. Total number of assertions in the test are: 9
java,cesiumlanguagewritertests,TestMatrix3By3,testIdentity,Assertion roulette,The tool detected the smell in this test method because the test uses multiple assertion in the test. Total number of assertions in the test are: 9
java,cesiumlanguagewritertests,TestMatrix3By3,testIsUndefined,Assertion roulette,The tool detected the smell in this test method because the test uses multiple assertion in the test. Total number of assertions in the test are: 3
java,cesiumlanguagewritertests,TestMatrix3By3,testMultiplyByScalar,Assertion roulette,The tool detected the smell in this test method because the test uses multiple assertion in the test. Total number of assertions in the test are: 27
java,cesiumlanguagewritertests,TestMatrix3By3,testMultiplyByMatrix,Assertion roulette,The tool detected the smell in this test method because the test uses multiple assertion in the test. Total number of assertions in the test are: 2
java,cesiumlanguagewritertests,TestMatrix3By3,indexerThrowsWithRowOutOfRange$Test,Missing assertion,The tool detected the smell in this test method because the test doesn't have any assertion.
java,cesiumlanguagewritertests,TestMatrix3By3,indexerThrowsWithColumnOutOfRange$Test,Missing assertion,The tool detected the smell in this test method because the test doesn't have any assertion.
java,cesiumlanguagewritertests,TestMatrix3By3,testGetHashCode,Assertion roulette,The tool detected the smell in this test method because the test uses multiple assertion in the test. Total number of assertions in the test are: 2
java,cesiumlanguagewritertests,TestMatrix3By3,testZeroMatrix,Assertion roulette,The tool detected the smell in this test method because the test uses multiple assertion in the test. Total number of assertions in the test are: 9
java,cesiumlanguagewritertests,TestMatrix3By3,testMathOperators,Assertion roulette,The tool detected the smell in this test method because the test uses multiple assertion in the test. Total number of assertions in the test are: 6
java,cesiumlanguagewritertests,TestMatrix3By3,testMathOperatorsWithCartesian,Assertion roulette,The tool detected the smell in this test method because the test uses multiple assertion in the test. Total number of assertions in the test are: 2
java,cesiumlanguagewritertests,TestNodeTransformationsCesiumWriter,createExampleFile,Missing assertion,The tool detected the smell in this test method because the test doesn't have any assertion.
java,cesiumlanguagewritertests,TestBounds,testStaticInstances,Assertion roulette,The tool detected the smell in this test method because the test uses multiple assertion in the test. Total number of assertions in the test are: 2
java,cesiumlanguagewritertests,TestBounds,testConstructorsAndChecks,Assertion roulette,The tool detected the smell in this test method because the test uses multiple assertion in the test. Total number of assertions in the test are: 19
java,cesiumlanguagewritertests,TestBounds,testGetHashCode,Assertion roulette,The tool detected the smell in this test method because the test uses multiple assertion in the test. Total number of assertions in the test are: 2
java,cesiumlanguagewritertests,TestBounds,testEquality,Assertion roulette,The tool detected the smell in this test method because the test uses multiple assertion in the test. Total number of assertions in the test are: 24
java,cesiumlanguagewritertests,TestBounds,testEqualsEpsilon,Assertion roulette,The tool detected the smell in this test method because the test uses multiple assertion in the test. Total number of assertions in the test are: 5
java,cesiumlanguagewritertests,TestUnitCartesian,testHoldValue,Assertion roulette,The tool detected the smell in this test method because the test uses multiple assertion in the test. Total number of assertions in the test are: 3
java,cesiumlanguagewritertests,TestUnitCartesian,testFromCartesian,Assertion roulette,The tool detected the smell in this test method because the test uses multiple assertion in the test. Total number of assertions in the test are: 3
java,cesiumlanguagewritertests,TestUnitCartesian,testFromCartesianAndReturnMagnitude,Assertion roulette,The tool detected the smell in this test method because the test uses multiple assertion in the test. Total number of assertions in the test are: 4
java,cesiumlanguagewritertests,TestUnitCartesian,testInitializeAndReturnMagnitude,Assertion roulette,The tool detected the smell in this test method because the test uses multiple assertion in the test. Total number of assertions in the test are: 4
java,cesiumlanguagewritertests,TestUnitCartesian,testFromClockAndCone,Assertion roulette,The tool detected the smell in this test method because the test uses multiple assertion in the test. Total number of assertions in the test are: 3
java,cesiumlanguagewritertests,TestUnitCartesian,testEquality,Assertion roulette,The tool detected the smell in this test method because the test uses multiple assertion in the test. Total number of assertions in the test are: 32
java,cesiumlanguagewritertests,TestUnitCartesian,testEqualsEpsilon,Assertion roulette,The tool detected the smell in this test method because the test uses multiple assertion in the test. Total number of assertions in the test are: 5
java,cesiumlanguagewritertests,TestUnitCartesian,testIsUndefined,Assertion roulette,The tool detected the smell in this test method because the test uses multiple assertion in the test. Total number of assertions in the test are: 5
java,cesiumlanguagewritertests,TestUnitCartesian,testInvert,Assertion roulette,The tool detected the smell in this test method because the test uses multiple assertion in the test. Total number of assertions in the test are: 3
java,cesiumlanguagewritertests,TestUnitCartesian,testNegation,Assertion roulette,The tool detected the smell in this test method because the test uses multiple assertion in the test. Total number of assertions in the test are: 3
java,cesiumlanguagewritertests,TestUnitCartesian,testAdd,Assertion roulette,The tool detected the smell in this test method because the test uses multiple assertion in the test. Total number of assertions in the test are: 9
java,cesiumlanguagewritertests,TestUnitCartesian,testSubtract,Assertion roulette,The tool detected the smell in this test method because the test uses multiple assertion in the test. Total number of assertions in the test are: 9
java,cesiumlanguagewritertests,TestUnitCartesian,testMultiply,Assertion roulette,The tool detected the smell in this test method because the test uses multiple assertion in the test. Total number of assertions in the test are: 6
java,cesiumlanguagewritertests,TestUnitCartesian,testDivide,Assertion roulette,The tool detected the smell in this test method because the test uses multiple assertion in the test. Total number of assertions in the test are: 6
java,cesiumlanguagewritertests,TestUnitCartesian,testDotProduct,Assertion roulette,The tool detected the smell in this test method because the test uses multiple assertion in the test. Total number of assertions in the test are: 3
java,cesiumlanguagewritertests,TestUnitCartesian,testCrossProduct,Assertion roulette,The tool detected the smell in this test method because the test uses multiple assertion in the test. Total number of assertions in the test are: 6
java,cesiumlanguagewritertests,TestUnitCartesian,testGetHashCode,Assertion roulette,The tool detected the smell in this test method because the test uses multiple assertion in the test. Total number of assertions in the test are: 2
java,cesiumlanguagewritertests,TestUnitCartesian,testToString,Assertion roulette,The tool detected the smell in this test method because the test uses multiple assertion in the test. Total number of assertions in the test are: 3
java,cesiumlanguagewritertests,TestDuration,testMinValueMaxValueZeroValue,Assertion roulette,The tool detected the smell in this test method because the test uses multiple assertion in the test. Total number of assertions in the test are: 6
java,cesiumlanguagewritertests,TestDuration,testDaysHoursMinutesSecondsConstructors,Assertion roulette,The tool detected the smell in this test method because the test uses multiple assertion in the test. Total number of assertions in the test are: 2
java,cesiumlanguagewritertests,TestDuration,testNormalization,Assertion roulette,The tool detected the smell in this test method because the test uses multiple assertion in the test. Total number of assertions in the test are: 8
java,cesiumlanguagewritertests,TestDuration,testSecondsGreaterThanADay,Assertion roulette,The tool detected the smell in this test method because the test uses multiple assertion in the test. Total number of assertions in the test are: 2
java,cesiumlanguagewritertests,TestDuration,testEquality,Assertion roulette,The tool detected the smell in this test method because the test uses multiple assertion in the test. Total number of assertions in the test are: 21
java,cesiumlanguagewritertests,TestDuration,testCompareTo,Assertion roulette,The tool detected the smell in this test method because the test uses multiple assertion in the test. Total number of assertions in the test are: 18
java,cesiumlanguagewritertests,TestDuration,testAddition,Assertion roulette,The tool detected the smell in this test method because the test uses multiple assertion in the test. Total number of assertions in the test are: 6
java,cesiumlanguagewritertests,TestDuration,testSubtraction,Assertion roulette,The tool detected the smell in this test method because the test uses multiple assertion in the test. Total number of assertions in the test are: 10
java,cesiumlanguagewritertests,TestDuration,testMultiplication,Assertion roulette,The tool detected the smell in this test method because the test uses multiple assertion in the test. Total number of assertions in the test are: 13
java,cesiumlanguagewritertests,TestDuration,testDivisionByDuration,Assertion roulette,The tool detected the smell in this test method because the test uses multiple assertion in the test. Total number of assertions in the test are: 9
java,cesiumlanguagewritertests,TestDuration,testDivisionByConstant,Assertion roulette,The tool detected the smell in this test method because the test uses multiple assertion in the test. Total number of assertions in the test are: 13
java,cesiumlanguagewritertests,TestDuration,testAddSeconds,Assertion roulette,The tool detected the smell in this test method because the test uses multiple assertion in the test. Total number of assertions in the test are: 2
java,cesiumlanguagewritertests,TestDuration,testAddDays,Assertion roulette,The tool detected the smell in this test method because the test uses multiple assertion in the test. Total number of assertions in the test are: 2
java,cesiumlanguagewritertests,TestDuration,testGetHashCode,Assertion roulette,The tool detected the smell in this test method because the test uses multiple assertion in the test. Total number of assertions in the test are: 2
java,cesiumlanguagewritertests,TestDuration,testReallySmallSeconds,Assertion roulette,The tool detected the smell in this test method because the test uses multiple assertion in the test. Total number of assertions in the test are: 4
java,cesiumlanguagewritertests,TestReference,canConstructEscapedReferences,Assertion roulette,The tool detected the smell in this test method because the test uses multiple assertion in the test. Total number of assertions in the test are: 12
java,cesiumlanguagewritertests,TestReference,canConstructFromIdentifierAndProperty,Assertion roulette,The tool detected the smell in this test method because the test uses multiple assertion in the test. Total number of assertions in the test are: 6
java,cesiumlanguagewritertests,TestReference,canConstructFromIdentifierAndProperties,Assertion roulette,The tool detected the smell in this test method because the test uses multiple assertion in the test. Total number of assertions in the test are: 6
java,cesiumlanguagewritertests,TestReference,throwsWithMissingDelimiter,Assertion roulette,The tool detected the smell in this test method because the test uses multiple assertion in the test. Total number of assertions in the test are: 2
java,cesiumlanguagewritertests,TestReference,throwsWithMissingDelimiterDueToEscaping,Assertion roulette,The tool detected the smell in this test method because the test uses multiple assertion in the test. Total number of assertions in the test are: 2
java,cesiumlanguagewritertests,TestReference,throwsWithMissingProperties,Assertion roulette,The tool detected the smell in this test method because the test uses multiple assertion in the test. Total number of assertions in the test are: 2
java,cesiumlanguagewritertests,TestJulianDate,testRetainValue,Assertion roulette,The tool detected the smell in this test method because the test uses multiple assertion in the test. Total number of assertions in the test are: 2
java,cesiumlanguagewritertests,TestJulianDate,testTimeStandard,Assertion roulette,The tool detected the smell in this test method because the test uses multiple assertion in the test. Total number of assertions in the test are: 3
java,cesiumlanguagewritertests,TestJulianDate,testTimeGreaterThanADay,Assertion roulette,The tool detected the smell in this test method because the test uses multiple assertion in the test. Total number of assertions in the test are: 4
java,cesiumlanguagewritertests,TestJulianDate,testTimeNegative,Assertion roulette,The tool detected the smell in this test method because the test uses multiple assertion in the test. Total number of assertions in the test are: 4
java,cesiumlanguagewritertests,TestJulianDate,testTimeExactlyOneDay,Assertion roulette,The tool detected the smell in this test method because the test uses multiple assertion in the test. Total number of assertions in the test are: 4
java,cesiumlanguagewritertests,TestJulianDate,testEquality,Assertion roulette,The tool detected the smell in this test method because the test uses multiple assertion in the test. Total number of assertions in the test are: 13
java,cesiumlanguagewritertests,TestJulianDate,testAddition,Assertion roulette,The tool detected the smell in this test method because the test uses multiple assertion in the test. Total number of assertions in the test are: 12
java,cesiumlanguagewritertests,TestJulianDate,testSecondsDifference,Assertion roulette,The tool detected the smell in this test method because the test uses multiple assertion in the test. Total number of assertions in the test are: 7
java,cesiumlanguagewritertests,TestJulianDate,testMinutesDifference,Assertion roulette,The tool detected the smell in this test method because the test uses multiple assertion in the test. Total number of assertions in the test are: 7
java,cesiumlanguagewritertests,TestJulianDate,testDaysDifference,Assertion roulette,The tool detected the smell in this test method because the test uses multiple assertion in the test. Total number of assertions in the test are: 7
java,cesiumlanguagewritertests,TestJulianDate,testSubtraction,Assertion roulette,The tool detected the smell in this test method because the test uses multiple assertion in the test. Total number of assertions in the test are: 10
java,cesiumlanguagewritertests,TestJulianDate,testAddSeconds,Assertion roulette,The tool detected the smell in this test method because the test uses multiple assertion in the test. Total number of assertions in the test are: 3
java,cesiumlanguagewritertests,TestJulianDate,testSubtractSeconds,Assertion roulette,The tool detected the smell in this test method because the test uses multiple assertion in the test. Total number of assertions in the test are: 3
java,cesiumlanguagewritertests,TestJulianDate,testAddDays,Assertion roulette,The tool detected the smell in this test method because the test uses multiple assertion in the test. Total number of assertions in the test are: 3
java,cesiumlanguagewritertests,TestJulianDate,testGetHashCode,Assertion roulette,The tool detected the smell in this test method because the test uses multiple assertion in the test. Total number of assertions in the test are: 3
java,cesiumlanguagewritertests,TestJulianDate,testComparisonConsistency,Assertion roulette,The tool detected the smell in this test method because the test uses multiple assertion in the test. Total number of assertions in the test are: 12
java,cesiumlanguagewritertests,TestJulianDate,testReallySmallNegativeSecondsOfDay,Assertion roulette,The tool detected the smell in this test method because the test uses multiple assertion in the test. Total number of assertions in the test are: 2
java,cesiumlanguagewritertests,TestJulianDate,testTryConvertTimeStandard,Assertion roulette,The tool detected the smell in this test method because the test uses multiple assertion in the test. Total number of assertions in the test are: 4
java,cesiumlanguagewritertests,TestJulianDate,testEqualityOfLeapSeconds,Assertion roulette,The tool detected the smell in this test method because the test uses multiple assertion in the test. Total number of assertions in the test are: 2
java,cesiumlanguagewritertests,TestJulianDate,testSecondsDifferenceAtLeapSecond,Assertion roulette,The tool detected the smell in this test method because the test uses multiple assertion in the test. Total number of assertions in the test are: 4
java,cesiumlanguagewritertests,TestLeapSecond,testConstructor,Assertion roulette,The tool detected the smell in this test method because the test uses multiple assertion in the test. Total number of assertions in the test are: 3
java,cesiumlanguagewritertests,TestLeapSecond,testConstructorRequiresUTC,Assertion roulette,The tool detected the smell in this test method because the test uses multiple assertion in the test. Total number of assertions in the test are: 2
java,cesiumlanguagewritertests,TestLeapSecond,testEquality,Assertion roulette,The tool detected the smell in this test method because the test uses multiple assertion in the test. Total number of assertions in the test are: 6
java,cesiumlanguagewritertests,TestLeapSecond,testGetHashCode,Assertion roulette,The tool detected the smell in this test method because the test uses multiple assertion in the test. Total number of assertions in the test are: 2
java,cesiumlanguagewritertests,TestCesiumStreamWriter,multipleCallsToNewPacketWithoutCloseThrowInvalidOperationException,Assertion roulette,The tool detected the smell in this test method because the test uses multiple assertion in the test. Total number of assertions in the test are: 2
java,cesiumlanguagewritertests,TestBoundingRectangle,testHoldValue,Assertion roulette,The tool detected the smell in this test method because the test uses multiple assertion in the test. Total number of assertions in the test are: 18
java,cesiumlanguagewritertests,TestBoundingRectangle,equalityTest,Assertion roulette,The tool detected the smell in this test method because the test uses multiple assertion in the test. Total number of assertions in the test are: 6
java,cesiumlanguagewritertests,TestBoundingRectangle,testEqualsEpsilon,Assertion roulette,The tool detected the smell in this test method because the test uses multiple assertion in the test. Total number of assertions in the test are: 4
java,cesiumlanguagewritertests,TestBoundingRectangle,testGetHashCode,Assertion roulette,The tool detected the smell in this test method because the test uses multiple assertion in the test. Total number of assertions in the test are: 2
java,cesiumlanguagewritertests.advanced,TestCesiumFormattingHelper,passToIso8601Interval,Assertion roulette,The tool detected the smell in this test method because the test uses multiple assertion in the test. Total number of assertions in the test are: 6
java,cesiumlanguagewritertests.advanced,TestCesiumFormattingHelper,passClampToIso8601,Assertion roulette,The tool detected the smell in this test method because the test uses multiple assertion in the test. Total number of assertions in the test are: 8
java,cesiumlanguagewritertests.java,Sandbox,runExample,Missing assertion,The tool detected the smell in this test method because the test doesn't have any assertion.
