Project Name,Package Name,Type Name,Testability Smell,Cause of the Smell
java,cesiumlanguagewritertests,TestLabelCesiumWriter,Excessive Dependency,The tool detected the smell in this class because the class depends on too many dependencies. The total number of dependencies is: 12
java,cesiumlanguagewritertests,TestCesiumPropertyWriter,Excessive Dependency,The tool detected the smell in this class because the class depends on too many dependencies. The total number of dependencies is: 19
java,cesiumlanguagewritertests,TestOrientationCesiumWriter,Excessive Dependency,The tool detected the smell in this class because the class depends on too many dependencies. The total number of dependencies is: 16
java,cesiumlanguagewritertests,TestCesiumFormattingHelper,Excessive Dependency,The tool detected the smell in this class because the class depends on too many dependencies. The total number of dependencies is: 16
java,cesiumlanguagewritertests,TestPolygonCesiumWriter,Excessive Dependency,The tool detected the smell in this class because the class depends on too many dependencies. The total number of dependencies is: 16
java,cesiumlanguagewritertests,TestArticulationsCesiumWriter,Excessive Dependency,The tool detected the smell in this class because the class depends on too many dependencies. The total number of dependencies is: 14
java,cesiumlanguagewritertests,TestBillboardCesiumWriter,Excessive Dependency,The tool detected the smell in this class because the class depends on too many dependencies. The total number of dependencies is: 13
java,cesiumlanguagewritertests,TestCustomPropertiesCesiumWriter,Excessive Dependency,The tool detected the smell in this class because the class depends on too many dependencies. The total number of dependencies is: 15
java,cesiumlanguagewritertests,TestPolylineVolumeCesiumWriter,Excessive Dependency,The tool detected the smell in this class because the class depends on too many dependencies. The total number of dependencies is: 19
java,cesiumlanguagewritertests,TestNodeTransformationsCesiumWriter,Excessive Dependency,The tool detected the smell in this class because the class depends on too many dependencies. The total number of dependencies is: 16
java,cesiumlanguagewritertests,TestPositionCesiumWriter,Excessive Dependency,The tool detected the smell in this class because the class depends on too many dependencies. The total number of dependencies is: 9
java,agi.foundation.compatibility,TestContext.TestAdapter,Global State,The tool detected the smell in this class because the class can be accessed as a `global` state.
java,agi.foundation.compatibility,ColorHelper,Global State,The tool detected the smell in this class because the class declares global variables. The detected global variables are: LIME
java,agi.foundation.compatibility,NumberStyles,Global State,The tool detected the smell in this class because the class declares global variables. The detected global variables are: NONE; ALLOW_CURRENCY_SYMBOL; ALLOW_DECIMAL_POINT; ALLOW_EXPONENT; ALLOW_HEX_SPECIFIER; ALLOW_LEADING_SIGN; ALLOW_LEADING_WHITE; ALLOW_PARENTHESES; ALLOW_THOUSANDS; ALLOW_TRAILING_SIGN; ALLOW_TRAILING_WHITE; ANY; CURRENCY; FLOAT; HEX_NUMBER; INTEGER; NUMBER
java,agi.foundation.compatibility,StringHelper,Global State,The tool detected the smell in this class because the class declares global variables. The detected global variables are: empty
java,agi.foundation.compatibility,StringSplitOptions,Global State,The tool detected the smell in this class because the class declares global variables. The detected global variables are: NONE; REMOVE_EMPTY_ENTRIES
java,cesiumlanguagewriter,ShapeCesiumWriter,Global State,The tool detected the smell in this class because the class declares global variables. The detected global variables are: Cartesian2PropertyName; DeletePropertyName
java,cesiumlanguagewriter,DirectionListCesiumWriter,Global State,The tool detected the smell in this class because the class declares global variables. The detected global variables are: SphericalPropertyName; UnitSphericalPropertyName; CartesianPropertyName; UnitCartesianPropertyName; DeletePropertyName
java,cesiumlanguagewriter,PacketCesiumWriter,Global State,The tool detected the smell in this class because the class declares global variables. The detected global variables are: IdPropertyName; DeletePropertyName; NamePropertyName; ParentPropertyName; DescriptionPropertyName; ClockPropertyName; VersionPropertyName; AvailabilityPropertyName; PropertiesPropertyName; PositionPropertyName; OrientationPropertyName; ViewFromPropertyName; BillboardPropertyName; BoxPropertyName; CorridorPropertyName; CylinderPropertyName; EllipsePropertyName; EllipsoidPropertyName; LabelPropertyName; ModelPropertyName; PathPropertyName; PointPropertyName; PolygonPropertyName; PolylinePropertyName; PolylineVolumePropertyName; RectanglePropertyName; TilesetPropertyName; WallPropertyName; ConicSensorPropertyName; CustomPatternSensorPropertyName; RectangularSensorPropertyName; FanPropertyName; VectorPropertyName
java,cesiumlanguagewriter,PacketCesiumWriter,Excessive Dependency,The tool detected the smell in this class because the class depends on too many dependencies. The total number of dependencies is: 35
java,cesiumlanguagewriter,ScaleCesiumWriter,Global State,The tool detected the smell in this class because the class declares global variables. The detected global variables are: CartesianPropertyName; ReferencePropertyName; DeletePropertyName
java,cesiumlanguagewriter,BoundingRectangleCesiumWriter,Global State,The tool detected the smell in this class because the class declares global variables. The detected global variables are: BoundingRectanglePropertyName; ReferencePropertyName; DeletePropertyName
java,cesiumlanguagewriter,HorizontalOriginCesiumWriter,Global State,The tool detected the smell in this class because the class declares global variables. The detected global variables are: HorizontalOriginPropertyName; ReferencePropertyName; DeletePropertyName
java,cesiumlanguagewriter,Duration,Law of Demeter violation,The tool detected the smell in this method (equalsEpsilon) because the method voilates the law of Demeter. The long chain of method invocations is : cesiumlanguagewriter.Duration.getTotalSeconds; cesiumlanguagewriter.Duration.subtract
java,cesiumlanguagewriter,RectangleCoordinatesCesiumWriter,Global State,The tool detected the smell in this class because the class declares global variables. The detected global variables are: WsenPropertyName; WsenDegreesPropertyName; ReferencePropertyName; DeletePropertyName
java,cesiumlanguagewriter,EllipsoidRadiiCesiumWriter,Global State,The tool detected the smell in this class because the class declares global variables. The detected global variables are: CartesianPropertyName; ReferencePropertyName; DeletePropertyName
java,cesiumlanguagewriter,PositionListOfListsCesiumWriter,Global State,The tool detected the smell in this class because the class declares global variables. The detected global variables are: CartesianPropertyName; CartographicRadiansPropertyName; CartographicDegreesPropertyName; ReferencesPropertyName; DeletePropertyName
java,cesiumlanguagewriter,GridMaterialCesiumWriter,Global State,The tool detected the smell in this class because the class declares global variables. The detected global variables are: ColorPropertyName; CellAlphaPropertyName; LineCountPropertyName; LineThicknessPropertyName; LineOffsetPropertyName
java,cesiumlanguagewriter,GridMaterialCesiumWriter,Excessive Dependency,The tool detected the smell in this class because the class depends on too many dependencies. The total number of dependencies is: 8
java,cesiumlanguagewriter,PathCesiumWriter,Global State,The tool detected the smell in this class because the class declares global variables. The detected global variables are: ShowPropertyName; LeadTimePropertyName; TrailTimePropertyName; WidthPropertyName; ResolutionPropertyName; MaterialPropertyName; DistanceDisplayConditionPropertyName
java,cesiumlanguagewriter,StripeOrientationCesiumWriter,Global State,The tool detected the smell in this class because the class declares global variables. The detected global variables are: StripeOrientationPropertyName; ReferencePropertyName; DeletePropertyName
java,cesiumlanguagewriter,LabelCesiumWriter,Global State,The tool detected the smell in this class because the class declares global variables. The detected global variables are: ShowPropertyName; TextPropertyName; FontPropertyName; StylePropertyName; ScalePropertyName; ShowBackgroundPropertyName; BackgroundColorPropertyName; BackgroundPaddingPropertyName; PixelOffsetPropertyName; EyeOffsetPropertyName; HorizontalOriginPropertyName; VerticalOriginPropertyName; HeightReferencePropertyName; FillColorPropertyName; OutlineColorPropertyName; OutlineWidthPropertyName; TranslucencyByDistancePropertyName; PixelOffsetScaleByDistancePropertyName; ScaleByDistancePropertyName; DistanceDisplayConditionPropertyName; DisableDepthTestDistancePropertyName
java,cesiumlanguagewriter,LabelCesiumWriter,Excessive Dependency,The tool detected the smell in this class because the class depends on too many dependencies. The total number of dependencies is: 24
java,cesiumlanguagewriter,RotationCesiumWriter,Global State,The tool detected the smell in this class because the class declares global variables. The detected global variables are: UnitQuaternionPropertyName; ReferencePropertyName; DeletePropertyName
java,cesiumlanguagewriter,CornerTypeCesiumWriter,Global State,The tool detected the smell in this class because the class declares global variables. The detected global variables are: CornerTypePropertyName; ReferencePropertyName; DeletePropertyName
java,cesiumlanguagewriter,OrientationCesiumWriter,Global State,The tool detected the smell in this class because the class declares global variables. The detected global variables are: UnitQuaternionPropertyName; ReferencePropertyName; VelocityReferencePropertyName; DeletePropertyName
java,cesiumlanguagewriter,SensorVolumePortionToDisplayCesiumWriter,Global State,The tool detected the smell in this class because the class declares global variables. The detected global variables are: PortionToDisplayPropertyName; ReferencePropertyName; DeletePropertyName
java,cesiumlanguagewriter,WallCesiumWriter,Global State,The tool detected the smell in this class because the class declares global variables. The detected global variables are: ShowPropertyName; PositionsPropertyName; MinimumHeightsPropertyName; MaximumHeightsPropertyName; GranularityPropertyName; FillPropertyName; MaterialPropertyName; OutlinePropertyName; OutlineColorPropertyName; OutlineWidthPropertyName; ShadowsPropertyName; DistanceDisplayConditionPropertyName
java,cesiumlanguagewriter,WallCesiumWriter,Excessive Dependency,The tool detected the smell in this class because the class depends on too many dependencies. The total number of dependencies is: 12
java,cesiumlanguagewriter,BoxDimensionsCesiumWriter,Global State,The tool detected the smell in this class because the class declares global variables. The detected global variables are: CartesianPropertyName; ReferencePropertyName; DeletePropertyName
java,cesiumlanguagewriter,FanCesiumWriter,Global State,The tool detected the smell in this class because the class declares global variables. The detected global variables are: ShowPropertyName; DirectionsPropertyName; RadiusPropertyName; PerDirectionRadiusPropertyName; MaterialPropertyName; FillPropertyName; OutlinePropertyName; OutlineColorPropertyName; OutlineWidthPropertyName; NumberOfRingsPropertyName
java,cesiumlanguagewriter,FanCesiumWriter,Excessive Dependency,The tool detected the smell in this class because the class depends on too many dependencies. The total number of dependencies is: 8
java,cesiumlanguagewriter,StringCesiumWriter,Global State,The tool detected the smell in this class because the class declares global variables. The detected global variables are: StringPropertyName; ReferencePropertyName; DeletePropertyName
java,cesiumlanguagewriter,VectorCesiumWriter,Global State,The tool detected the smell in this class because the class declares global variables. The detected global variables are: ShowPropertyName; ColorPropertyName; DirectionPropertyName; LengthPropertyName; MinimumLengthInPixelsPropertyName
java,cesiumlanguagewriter,VectorCesiumWriter,Excessive Dependency,The tool detected the smell in this class because the class depends on too many dependencies. The total number of dependencies is: 10
java,cesiumlanguagewriter,RectangularSensorCesiumWriter,Global State,The tool detected the smell in this class because the class declares global variables. The detected global variables are: ShowPropertyName; XHalfAnglePropertyName; YHalfAnglePropertyName; RadiusPropertyName; ShowIntersectionPropertyName; IntersectionColorPropertyName; IntersectionWidthPropertyName; ShowLateralSurfacesPropertyName; LateralSurfaceMaterialPropertyName; ShowEllipsoidSurfacesPropertyName; EllipsoidSurfaceMaterialPropertyName; ShowEllipsoidHorizonSurfacesPropertyName; EllipsoidHorizonSurfaceMaterialPropertyName; ShowDomeSurfacesPropertyName; DomeSurfaceMaterialPropertyName; PortionToDisplayPropertyName; EnvironmentConstraintPropertyName; ShowEnvironmentOcclusionPropertyName; EnvironmentOcclusionMaterialPropertyName; ShowEnvironmentIntersectionPropertyName; EnvironmentIntersectionColorPropertyName; EnvironmentIntersectionWidthPropertyName; ShowThroughEllipsoidPropertyName; ShowViewshedPropertyName; ViewshedVisibleColorPropertyName; ViewshedOccludedColorPropertyName; ViewshedResolutionPropertyName
java,cesiumlanguagewriter,RectangularSensorCesiumWriter,Excessive Dependency,The tool detected the smell in this class because the class depends on too many dependencies. The total number of dependencies is: 9
java,cesiumlanguagewriter,LineThicknessCesiumWriter,Global State,The tool detected the smell in this class because the class declares global variables. The detected global variables are: Cartesian2PropertyName; ReferencePropertyName; DeletePropertyName
java,cesiumlanguagewriter,IntegerCesiumWriter,Global State,The tool detected the smell in this class because the class declares global variables. The detected global variables are: NumberPropertyName; ReferencePropertyName; DeletePropertyName
java,cesiumlanguagewriter,LineOffsetCesiumWriter,Global State,The tool detected the smell in this class because the class declares global variables. The detected global variables are: Cartesian2PropertyName; ReferencePropertyName; DeletePropertyName
java,cesiumlanguagewriter,ImageMaterialCesiumWriter,Global State,The tool detected the smell in this class because the class declares global variables. The detected global variables are: ImagePropertyName; RepeatPropertyName; ColorPropertyName; TransparentPropertyName
java,cesiumlanguagewriter,ImageMaterialCesiumWriter,Excessive Dependency,The tool detected the smell in this class because the class depends on too many dependencies. The total number of dependencies is: 10
java,cesiumlanguagewriter,CorridorCesiumWriter,Global State,The tool detected the smell in this class because the class declares global variables. The detected global variables are: ShowPropertyName; PositionsPropertyName; WidthPropertyName; HeightPropertyName; HeightReferencePropertyName; ExtrudedHeightPropertyName; ExtrudedHeightReferencePropertyName; CornerTypePropertyName; GranularityPropertyName; FillPropertyName; MaterialPropertyName; OutlinePropertyName; OutlineColorPropertyName; OutlineWidthPropertyName; ShadowsPropertyName; DistanceDisplayConditionPropertyName; ClassificationTypePropertyName; ZIndexPropertyName
java,cesiumlanguagewriter,CorridorCesiumWriter,Excessive Dependency,The tool detected the smell in this class because the class depends on too many dependencies. The total number of dependencies is: 18
java,cesiumlanguagewriter,TimeConstants,Global State,The tool detected the smell in this class because the class declares global variables. The detected global variables are: SecondsPerMinute; MinutesPerHour; HoursPerDay; SecondsPerHour; MinutesPerDay; SecondsPerDay; NextBefore86400
java,cesiumlanguagewriter,TilesetCesiumWriter,Global State,The tool detected the smell in this class because the class declares global variables. The detected global variables are: ShowPropertyName; UriPropertyName; MaximumScreenSpaceErrorPropertyName
java,cesiumlanguagewriter,TilesetCesiumWriter,Excessive Dependency,The tool detected the smell in this class because the class depends on too many dependencies. The total number of dependencies is: 8
java,cesiumlanguagewriter,ClassificationTypeCesiumWriter,Global State,The tool detected the smell in this class because the class declares global variables. The detected global variables are: ClassificationTypePropertyName; ReferencePropertyName; DeletePropertyName
java,cesiumlanguagewriter,RepeatCesiumWriter,Global State,The tool detected the smell in this class because the class declares global variables. The detected global variables are: Cartesian2PropertyName; ReferencePropertyName; DeletePropertyName
java,cesiumlanguagewriter,DirectionCesiumWriter,Global State,The tool detected the smell in this class because the class declares global variables. The detected global variables are: SphericalPropertyName; UnitSphericalPropertyName; CartesianPropertyName; UnitCartesianPropertyName; ReferencePropertyName; DeletePropertyName
java,cesiumlanguagewriter,TranslationCesiumWriter,Global State,The tool detected the smell in this class because the class declares global variables. The detected global variables are: CartesianPropertyName; ReferencePropertyName; DeletePropertyName
java,cesiumlanguagewriter,BackgroundPaddingCesiumWriter,Global State,The tool detected the smell in this class because the class declares global variables. The detected global variables are: Cartesian2PropertyName; ReferencePropertyName; DeletePropertyName
java,cesiumlanguagewriter,StripeMaterialCesiumWriter,Global State,The tool detected the smell in this class because the class declares global variables. The detected global variables are: OrientationPropertyName; EvenColorPropertyName; OddColorPropertyName; OffsetPropertyName; RepeatPropertyName
java,cesiumlanguagewriter,ModelCesiumWriter,Global State,The tool detected the smell in this class because the class declares global variables. The detected global variables are: ShowPropertyName; GltfPropertyName; ScalePropertyName; MinimumPixelSizePropertyName; MaximumScalePropertyName; IncrementallyLoadTexturesPropertyName; RunAnimationsPropertyName; ShadowsPropertyName; HeightReferencePropertyName; SilhouetteColorPropertyName; SilhouetteSizePropertyName; ColorPropertyName; ColorBlendModePropertyName; ColorBlendAmountPropertyName; DistanceDisplayConditionPropertyName; NodeTransformationsPropertyName; ArticulationsPropertyName
java,cesiumlanguagewriter,ModelCesiumWriter,Excessive Dependency,The tool detected the smell in this class because the class depends on too many dependencies. The total number of dependencies is: 19
java,cesiumlanguagewriter,CustomPatternSensorCesiumWriter,Global State,The tool detected the smell in this class because the class declares global variables. The detected global variables are: ShowPropertyName; DirectionsPropertyName; RadiusPropertyName; ShowIntersectionPropertyName; IntersectionColorPropertyName; IntersectionWidthPropertyName; ShowLateralSurfacesPropertyName; LateralSurfaceMaterialPropertyName; ShowEllipsoidSurfacesPropertyName; EllipsoidSurfaceMaterialPropertyName; ShowEllipsoidHorizonSurfacesPropertyName; EllipsoidHorizonSurfaceMaterialPropertyName; ShowDomeSurfacesPropertyName; DomeSurfaceMaterialPropertyName; PortionToDisplayPropertyName; EnvironmentConstraintPropertyName; ShowEnvironmentOcclusionPropertyName; EnvironmentOcclusionMaterialPropertyName; ShowEnvironmentIntersectionPropertyName; EnvironmentIntersectionColorPropertyName; EnvironmentIntersectionWidthPropertyName; ShowThroughEllipsoidPropertyName; ShowViewshedPropertyName; ViewshedVisibleColorPropertyName; ViewshedOccludedColorPropertyName; ViewshedResolutionPropertyName
java,cesiumlanguagewriter,CustomPatternSensorCesiumWriter,Excessive Dependency,The tool detected the smell in this class because the class depends on too many dependencies. The total number of dependencies is: 10
java,cesiumlanguagewriter,ConicSensorCesiumWriter,Global State,The tool detected the smell in this class because the class declares global variables. The detected global variables are: ShowPropertyName; InnerHalfAnglePropertyName; OuterHalfAnglePropertyName; MinimumClockAnglePropertyName; MaximumClockAnglePropertyName; RadiusPropertyName; ShowIntersectionPropertyName; IntersectionColorPropertyName; IntersectionWidthPropertyName; ShowLateralSurfacesPropertyName; LateralSurfaceMaterialPropertyName; ShowEllipsoidSurfacesPropertyName; EllipsoidSurfaceMaterialPropertyName; ShowEllipsoidHorizonSurfacesPropertyName; EllipsoidHorizonSurfaceMaterialPropertyName; ShowDomeSurfacesPropertyName; DomeSurfaceMaterialPropertyName; PortionToDisplayPropertyName; EnvironmentConstraintPropertyName; ShowEnvironmentOcclusionPropertyName; EnvironmentOcclusionMaterialPropertyName; ShowEnvironmentIntersectionPropertyName; EnvironmentIntersectionColorPropertyName; EnvironmentIntersectionWidthPropertyName; ShowThroughEllipsoidPropertyName; ShowViewshedPropertyName; ViewshedVisibleColorPropertyName; ViewshedOccludedColorPropertyName; ViewshedResolutionPropertyName
java,cesiumlanguagewriter,ConicSensorCesiumWriter,Excessive Dependency,The tool detected the smell in this class because the class depends on too many dependencies. The total number of dependencies is: 9
java,cesiumlanguagewriter,CustomPropertyCesiumWriter,Global State,The tool detected the smell in this class because the class declares global variables. The detected global variables are: BooleanPropertyName; BoundingRectanglePropertyName; CartesianPropertyName; CartographicRadiansPropertyName; CartographicDegreesPropertyName; Cartesian2PropertyName; UnitCartesianPropertyName; SphericalPropertyName; UnitSphericalPropertyName; RgbaPropertyName; RgbafPropertyName; ColorBlendModePropertyName; CornerTypePropertyName; HeightReferencePropertyName; HorizontalOriginPropertyName; LabelStylePropertyName; NumberPropertyName; NearFarScalarPropertyName; UnitQuaternionPropertyName; ShadowModePropertyName; StringPropertyName; StripeOrientationPropertyName; WsenPropertyName; WsenDegreesPropertyName; UriPropertyName; VerticalOriginPropertyName; DeletePropertyName
java,cesiumlanguagewriter,CustomPropertyCesiumWriter,Excessive Dependency,The tool detected the smell in this class because the class depends on too many dependencies. The total number of dependencies is: 22
java,cesiumlanguagewriter,DistanceDisplayConditionCesiumWriter,Global State,The tool detected the smell in this class because the class declares global variables. The detected global variables are: DistanceDisplayConditionPropertyName; ReferencePropertyName; DeletePropertyName
java,cesiumlanguagewriter,AlignedAxisCesiumWriter,Global State,The tool detected the smell in this class because the class declares global variables. The detected global variables are: UnitCartesianPropertyName; UnitSphericalPropertyName; ReferencePropertyName; VelocityReferencePropertyName; DeletePropertyName
java,cesiumlanguagewriter,CheckerboardMaterialCesiumWriter,Global State,The tool detected the smell in this class because the class declares global variables. The detected global variables are: EvenColorPropertyName; OddColorPropertyName; RepeatPropertyName
java,cesiumlanguagewriter,PolygonCesiumWriter,Global State,The tool detected the smell in this class because the class declares global variables. The detected global variables are: ShowPropertyName; PositionsPropertyName; HolesPropertyName; ArcTypePropertyName; HeightPropertyName; HeightReferencePropertyName; ExtrudedHeightPropertyName; ExtrudedHeightReferencePropertyName; StRotationPropertyName; GranularityPropertyName; FillPropertyName; MaterialPropertyName; OutlinePropertyName; OutlineColorPropertyName; OutlineWidthPropertyName; PerPositionHeightPropertyName; CloseTopPropertyName; CloseBottomPropertyName; ShadowsPropertyName; DistanceDisplayConditionPropertyName; ClassificationTypePropertyName; ZIndexPropertyName
java,cesiumlanguagewriter,PolygonCesiumWriter,Excessive Dependency,The tool detected the smell in this class because the class depends on too many dependencies. The total number of dependencies is: 19
java,cesiumlanguagewriter,JulianDate,Excessive Dependency,The tool detected the smell in this class because the class depends on too many dependencies. The total number of dependencies is: 10
java,cesiumlanguagewriter,JulianDate,Law of Demeter violation,The tool detected the smell in this method (add) because the method voilates the law of Demeter. The long chain of method invocations is : cesiumlanguagewriter.JulianDate.toInternationalAtomicTime; cesiumlanguagewriter.JulianDate.addIgnoringTimeStandard
java,cesiumlanguagewriter,JulianDate,Law of Demeter violation,The tool detected the smell in this method (subtract) because the method voilates the law of Demeter. The long chain of method invocations is : cesiumlanguagewriter.JulianDate.toInternationalAtomicTime; cesiumlanguagewriter.JulianDate.subtractIgnoringTimeStandard
java,cesiumlanguagewriter,JulianDate,Law of Demeter violation,The tool detected the smell in this method (subtract) because the method voilates the law of Demeter. The long chain of method invocations is : cesiumlanguagewriter.JulianDate.toInternationalAtomicTime; cesiumlanguagewriter.JulianDate.subtractIgnoringTimeStandard
java,cesiumlanguagewriter,EllipsoidCesiumWriter,Global State,The tool detected the smell in this class because the class declares global variables. The detected global variables are: ShowPropertyName; RadiiPropertyName; InnerRadiiPropertyName; MinimumClockPropertyName; MaximumClockPropertyName; MinimumConePropertyName; MaximumConePropertyName; HeightReferencePropertyName; FillPropertyName; MaterialPropertyName; OutlinePropertyName; OutlineColorPropertyName; OutlineWidthPropertyName; StackPartitionsPropertyName; SlicePartitionsPropertyName; SubdivisionsPropertyName; ShadowsPropertyName; DistanceDisplayConditionPropertyName
java,cesiumlanguagewriter,EllipsoidCesiumWriter,Excessive Dependency,The tool detected the smell in this class because the class depends on too many dependencies. The total number of dependencies is: 15
java,cesiumlanguagewriter,PolylineGlowMaterialCesiumWriter,Global State,The tool detected the smell in this class because the class declares global variables. The detected global variables are: ColorPropertyName; GlowPowerPropertyName; TaperPowerPropertyName
java,cesiumlanguagewriter,PolylineOutlineMaterialCesiumWriter,Global State,The tool detected the smell in this class because the class declares global variables. The detected global variables are: ColorPropertyName; OutlineColorPropertyName; OutlineWidthPropertyName
java,cesiumlanguagewriter,DoubleCesiumWriter,Global State,The tool detected the smell in this class because the class declares global variables. The detected global variables are: NumberPropertyName; ReferencePropertyName; DeletePropertyName
java,cesiumlanguagewriter,ShadowModeCesiumWriter,Global State,The tool detected the smell in this class because the class declares global variables. The detected global variables are: ShadowModePropertyName; ReferencePropertyName; DeletePropertyName
java,cesiumlanguagewriter,PositionCesiumWriter,Global State,The tool detected the smell in this class because the class declares global variables. The detected global variables are: ReferenceFramePropertyName; CartesianPropertyName; CartographicRadiansPropertyName; CartographicDegreesPropertyName; CartesianVelocityPropertyName; ReferencePropertyName; DeletePropertyName
java,cesiumlanguagewriter,VerticalOriginCesiumWriter,Global State,The tool detected the smell in this class because the class declares global variables. The detected global variables are: VerticalOriginPropertyName; ReferencePropertyName; DeletePropertyName
java,cesiumlanguagewriter,RectangleCesiumWriter,Global State,The tool detected the smell in this class because the class declares global variables. The detected global variables are: ShowPropertyName; CoordinatesPropertyName; HeightPropertyName; HeightReferencePropertyName; ExtrudedHeightPropertyName; ExtrudedHeightReferencePropertyName; RotationPropertyName; StRotationPropertyName; GranularityPropertyName; FillPropertyName; MaterialPropertyName; OutlinePropertyName; OutlineColorPropertyName; OutlineWidthPropertyName; ShadowsPropertyName; DistanceDisplayConditionPropertyName; ClassificationTypePropertyName; ZIndexPropertyName
java,cesiumlanguagewriter,RectangleCesiumWriter,Excessive Dependency,The tool detected the smell in this class because the class depends on too many dependencies. The total number of dependencies is: 17
java,cesiumlanguagewriter,ColorBlendModeCesiumWriter,Global State,The tool detected the smell in this class because the class declares global variables. The detected global variables are: ColorBlendModePropertyName; ReferencePropertyName; DeletePropertyName
java,cesiumlanguagewriter,PolylineArrowMaterialCesiumWriter,Global State,The tool detected the smell in this class because the class declares global variables. The detected global variables are: ColorPropertyName
java,cesiumlanguagewriter,PixelOffsetCesiumWriter,Global State,The tool detected the smell in this class because the class declares global variables. The detected global variables are: Cartesian2PropertyName; ReferencePropertyName; DeletePropertyName
java,cesiumlanguagewriter,EllipseCesiumWriter,Global State,The tool detected the smell in this class because the class declares global variables. The detected global variables are: ShowPropertyName; SemiMajorAxisPropertyName; SemiMinorAxisPropertyName; HeightPropertyName; HeightReferencePropertyName; ExtrudedHeightPropertyName; ExtrudedHeightReferencePropertyName; RotationPropertyName; StRotationPropertyName; GranularityPropertyName; FillPropertyName; MaterialPropertyName; OutlinePropertyName; OutlineColorPropertyName; OutlineWidthPropertyName; NumberOfVerticalLinesPropertyName; ShadowsPropertyName; DistanceDisplayConditionPropertyName; ClassificationTypePropertyName; ZIndexPropertyName
java,cesiumlanguagewriter,EllipseCesiumWriter,Excessive Dependency,The tool detected the smell in this class because the class depends on too many dependencies. The total number of dependencies is: 15
java,cesiumlanguagewriter,SolidColorMaterialCesiumWriter,Global State,The tool detected the smell in this class because the class declares global variables. The detected global variables are: ColorPropertyName
java,cesiumlanguagewriter,ArticulationCesiumWriter,Global State,The tool detected the smell in this class because the class declares global variables. The detected global variables are: NumberPropertyName; ReferencePropertyName; DeletePropertyName
java,cesiumlanguagewriter,PolylineDashMaterialCesiumWriter,Global State,The tool detected the smell in this class because the class declares global variables. The detected global variables are: ColorPropertyName; GapColorPropertyName; DashLengthPropertyName; DashPatternPropertyName
java,cesiumlanguagewriter,ColorCesiumWriter,Global State,The tool detected the smell in this class because the class declares global variables. The detected global variables are: RgbaPropertyName; RgbafPropertyName; ReferencePropertyName; DeletePropertyName
java,cesiumlanguagewriter,NearFarScalarCesiumWriter,Global State,The tool detected the smell in this class because the class declares global variables. The detected global variables are: NearFarScalarPropertyName; ReferencePropertyName; DeletePropertyName
java,cesiumlanguagewriter,ClockCesiumWriter,Global State,The tool detected the smell in this class because the class declares global variables. The detected global variables are: CurrentTimePropertyName; MultiplierPropertyName; RangePropertyName; StepPropertyName
java,cesiumlanguagewriter,FontCesiumWriter,Global State,The tool detected the smell in this class because the class declares global variables. The detected global variables are: FontPropertyName; ReferencePropertyName; DeletePropertyName
java,cesiumlanguagewriter,DoubleListCesiumWriter,Global State,The tool detected the smell in this class because the class declares global variables. The detected global variables are: ArrayPropertyName; ReferencesPropertyName; DeletePropertyName
java,cesiumlanguagewriter,UriCesiumWriter,Global State,The tool detected the smell in this class because the class declares global variables. The detected global variables are: UriPropertyName; ReferencePropertyName; DeletePropertyName
java,cesiumlanguagewriter,HeightReferenceCesiumWriter,Global State,The tool detected the smell in this class because the class declares global variables. The detected global variables are: HeightReferencePropertyName; ReferencePropertyName; DeletePropertyName
java,cesiumlanguagewriter,NodeTransformationCesiumWriter,Global State,The tool detected the smell in this class because the class declares global variables. The detected global variables are: TranslationPropertyName; RotationPropertyName; ScalePropertyName
java,cesiumlanguagewriter,PolylineVolumeCesiumWriter,Global State,The tool detected the smell in this class because the class declares global variables. The detected global variables are: ShowPropertyName; PositionsPropertyName; ShapePropertyName; CornerTypePropertyName; GranularityPropertyName; FillPropertyName; MaterialPropertyName; OutlinePropertyName; OutlineColorPropertyName; OutlineWidthPropertyName; ShadowsPropertyName; DistanceDisplayConditionPropertyName
java,cesiumlanguagewriter,PolylineVolumeCesiumWriter,Excessive Dependency,The tool detected the smell in this class because the class depends on too many dependencies. The total number of dependencies is: 14
java,cesiumlanguagewriter,BoxCesiumWriter,Global State,The tool detected the smell in this class because the class declares global variables. The detected global variables are: ShowPropertyName; DimensionsPropertyName; HeightReferencePropertyName; FillPropertyName; MaterialPropertyName; OutlinePropertyName; OutlineColorPropertyName; OutlineWidthPropertyName; ShadowsPropertyName; DistanceDisplayConditionPropertyName
java,cesiumlanguagewriter,BoxCesiumWriter,Excessive Dependency,The tool detected the smell in this class because the class depends on too many dependencies. The total number of dependencies is: 14
java,cesiumlanguagewriter,ArcTypeCesiumWriter,Global State,The tool detected the smell in this class because the class declares global variables. The detected global variables are: ArcTypePropertyName; ReferencePropertyName; DeletePropertyName
java,cesiumlanguagewriter,ViewFromCesiumWriter,Global State,The tool detected the smell in this class because the class declares global variables. The detected global variables are: CartesianPropertyName; ReferencePropertyName; DeletePropertyName
java,cesiumlanguagewriter,PolylineCesiumWriter,Global State,The tool detected the smell in this class because the class declares global variables. The detected global variables are: ShowPropertyName; PositionsPropertyName; ArcTypePropertyName; WidthPropertyName; GranularityPropertyName; MaterialPropertyName; FollowSurfacePropertyName; ShadowsPropertyName; DepthFailMaterialPropertyName; DistanceDisplayConditionPropertyName; ClampToGroundPropertyName; ClassificationTypePropertyName; ZIndexPropertyName
java,cesiumlanguagewriter,PolylineCesiumWriter,Excessive Dependency,The tool detected the smell in this class because the class depends on too many dependencies. The total number of dependencies is: 15
java,cesiumlanguagewriter,MaterialCesiumWriter,Global State,The tool detected the smell in this class because the class declares global variables. The detected global variables are: SolidColorPropertyName; ImagePropertyName; GridPropertyName; StripePropertyName; CheckerboardPropertyName
java,cesiumlanguagewriter,GregorianDate,Global State,The tool detected the smell in this class because the class declares global variables. The detected global variables are: MaxValue; MinValue
java,cesiumlanguagewriter,GregorianDate,Excessive Dependency,The tool detected the smell in this class because the class depends on too many dependencies. The total number of dependencies is: 14
java,cesiumlanguagewriter,PositionListCesiumWriter,Global State,The tool detected the smell in this class because the class declares global variables. The detected global variables are: ReferenceFramePropertyName; CartesianPropertyName; CartographicRadiansPropertyName; CartographicDegreesPropertyName; ReferencesPropertyName; DeletePropertyName
java,cesiumlanguagewriter,BillboardCesiumWriter,Global State,The tool detected the smell in this class because the class declares global variables. The detected global variables are: ShowPropertyName; ImagePropertyName; ScalePropertyName; PixelOffsetPropertyName; EyeOffsetPropertyName; HorizontalOriginPropertyName; VerticalOriginPropertyName; HeightReferencePropertyName; ColorPropertyName; RotationPropertyName; AlignedAxisPropertyName; SizeInMetersPropertyName; WidthPropertyName; HeightPropertyName; ScaleByDistancePropertyName; TranslucencyByDistancePropertyName; PixelOffsetScaleByDistancePropertyName; ImageSubRegionPropertyName; DistanceDisplayConditionPropertyName; DisableDepthTestDistancePropertyName
java,cesiumlanguagewriter,BillboardCesiumWriter,Excessive Dependency,The tool detected the smell in this class because the class depends on too many dependencies. The total number of dependencies is: 28
java,cesiumlanguagewriter,PolylineMaterialCesiumWriter,Global State,The tool detected the smell in this class because the class declares global variables. The detected global variables are: SolidColorPropertyName; PolylineOutlinePropertyName; PolylineArrowPropertyName; PolylineDashPropertyName; PolylineGlowPropertyName; ImagePropertyName; GridPropertyName; StripePropertyName; CheckerboardPropertyName
java,cesiumlanguagewriter,PolylineMaterialCesiumWriter,Excessive Dependency,The tool detected the smell in this class because the class depends on too many dependencies. The total number of dependencies is: 10
java,cesiumlanguagewriter,CylinderCesiumWriter,Global State,The tool detected the smell in this class because the class declares global variables. The detected global variables are: ShowPropertyName; LengthPropertyName; TopRadiusPropertyName; BottomRadiusPropertyName; HeightReferencePropertyName; FillPropertyName; MaterialPropertyName; OutlinePropertyName; OutlineColorPropertyName; OutlineWidthPropertyName; NumberOfVerticalLinesPropertyName; SlicesPropertyName; ShadowsPropertyName; DistanceDisplayConditionPropertyName
java,cesiumlanguagewriter,CylinderCesiumWriter,Excessive Dependency,The tool detected the smell in this class because the class depends on too many dependencies. The total number of dependencies is: 13
java,cesiumlanguagewriter,BooleanCesiumWriter,Global State,The tool detected the smell in this class because the class declares global variables. The detected global variables are: BooleanPropertyName; ReferencePropertyName; DeletePropertyName
java,cesiumlanguagewriter,EyeOffsetCesiumWriter,Global State,The tool detected the smell in this class because the class declares global variables. The detected global variables are: CartesianPropertyName; ReferencePropertyName; DeletePropertyName
java,cesiumlanguagewriter,LineCountCesiumWriter,Global State,The tool detected the smell in this class because the class declares global variables. The detected global variables are: Cartesian2PropertyName; ReferencePropertyName; DeletePropertyName
java,cesiumlanguagewriter,LabelStyleCesiumWriter,Global State,The tool detected the smell in this class because the class declares global variables. The detected global variables are: LabelStylePropertyName; ReferencePropertyName; DeletePropertyName
java,cesiumlanguagewriter,Constants,Global State,The tool detected the smell in this class because the class declares global variables. The detected global variables are: Epsilon1; Epsilon2; Epsilon3; Epsilon4; Epsilon5; Epsilon6; Epsilon7; Epsilon8; Epsilon9; Epsilon10; Epsilon11; Epsilon12; Epsilon13; Epsilon14; Epsilon15; Epsilon16; Epsilon17; Epsilon18; Epsilon19; Epsilon20; QuarterPi; HalfPi; TwoPi; FourPi; ThreeHalvesPi; RadiansPerDegree; DegreesPerRadian
java,cesiumlanguagewriter,PointCesiumWriter,Global State,The tool detected the smell in this class because the class declares global variables. The detected global variables are: ShowPropertyName; PixelSizePropertyName; HeightReferencePropertyName; ColorPropertyName; OutlineColorPropertyName; OutlineWidthPropertyName; ScaleByDistancePropertyName; TranslucencyByDistancePropertyName; DistanceDisplayConditionPropertyName; DisableDepthTestDistancePropertyName
java,cesiumlanguagewriter,PointCesiumWriter,Excessive Dependency,The tool detected the smell in this class because the class depends on too many dependencies. The total number of dependencies is: 11
java,cesiumlanguagewriter.advanced,CesiumInterpolatableWriterAdaptor,Excessive Dependency,The tool detected the smell in this class because the class depends on too many dependencies. The total number of dependencies is: 8
java,cesiumlanguagewriter.advanced,CesiumValuePropertyAdaptors,Excessive Dependency,The tool detected the smell in this class because the class depends on too many dependencies. The total number of dependencies is: 49
java,cesiumlanguagewriter.advanced,CesiumFormattingHelper,Excessive Dependency,The tool detected the smell in this class because the class depends on too many dependencies. The total number of dependencies is: 11
java,cesiumlanguagewriter.advanced,CesiumWritingHelper,Global State,The tool detected the smell in this class because the class declares global variables. The detected global variables are: MaximumInterval
